日期,收盘,开盘,高,低,交易量,涨跌幅
2019/1/2,23346.24 ,23058.61 ,23413.47 ,22928.59 ,321.57M,0.08%
2019/1/3,22686.22 ,23176.39 ,23176.39 ,22638.41 ,424.24M,-2.83%
2019/1/4,23433.16 ,22894.92 ,23518.64 ,22894.92 ,396.02M,3.29%
2019/1/7,23531.35 ,23474.26 ,23687.74 ,23301.59 ,334.20M,0.42%
2019/1/8,23787.45 ,23680.32 ,23864.65 ,23581.45 ,317.42M,1.09%
2019/1/9,23879.12 ,23844.27 ,23985.45 ,23776.56 ,324.57M,0.39%
2019/1/10,24001.92 ,23811.11 ,24014.78 ,23703.25 ,338.15M,0.51%
2019/1/11,23995.95 ,23940.01 ,23996.32 ,23798.16 ,262.65M,-0.02%
2019/1/14,23909.84 ,23880.53 ,23964.90 ,23765.24 ,277.56M,-0.36%
2019/1/15,24065.59 ,23914.11 ,24099.14 ,23887.93 ,291.57M,0.65%
2019/1/16,24207.16 ,24139.91 ,24288.61 ,24119.72 ,302.83M,0.59%
2019/1/17,24370.10 ,24147.09 ,24474.46 ,24088.90 ,288.59M,0.67%
2019/1/18,24706.35 ,24534.19 ,24750.22 ,24459.03 ,372.97M,1.38%
2019/1/22,24404.48 ,24607.76 ,24607.76 ,24244.31 ,338.48M,-1.22%
2019/1/23,24575.62 ,24577.25 ,24700.98 ,24307.17 ,318.60M,0.70%
2019/1/24,24553.24 ,24579.96 ,24626.30 ,24422.73 ,320.17M,-0.09%
2019/1/25,24737.20 ,24687.21 ,24860.15 ,24676.75 ,376.89M,0.75%
2019/1/28,24528.22 ,24596.98 ,24596.98 ,24323.94 ,347.17M,-0.84%
2019/1/29,24579.96 ,24519.62 ,24674.87 ,24504.04 ,330.87M,0.21%
2019/1/30,25014.86 ,24826.52 ,25109.62 ,24790.90 ,397.33M,1.77%
2019/1/31,24999.67 ,24954.48 ,25049.62 ,24842.09 ,507.35M,-0.06%
2019/2/1,25063.89 ,25025.31 ,25193.15 ,24982.49 ,372.09M,0.26%
2019/2/4,25239.37 ,25062.12 ,25239.91 ,24977.67 ,298.54M,0.70%
2019/2/5,25411.52 ,25287.93 ,25427.32 ,25287.65 ,310.65M,0.68%
2019/2/6,25390.30 ,25371.57 ,25439.04 ,25312.06 ,247.59M,-0.08%
2019/2/7,25169.53 ,25265.81 ,25314.26 ,25000.52 ,295.46M,-0.87%
2019/2/8,25106.33 ,25042.36 ,25106.39 ,24883.04 ,248.21M,-0.25%
2019/2/11,25053.11 ,25142.81 ,25196.75 ,25009.10 ,241.70M,-0.21%
2019/2/12,25425.76 ,25152.03 ,25458.98 ,25152.03 ,278.11M,1.49%
2019/2/13,25543.27 ,25480.86 ,25625.95 ,25480.86 ,263.33M,0.46%
2019/2/14,25439.39 ,25460.65 ,25558.90 ,25308.09 ,313.01M,-0.41%
2019/2/15,25883.25 ,25564.63 ,25883.72 ,25564.63 ,328.53M,1.74%
2019/2/19,25891.32 ,25849.85 ,25961.44 ,25820.01 ,280.62M,0.03%
2019/2/20,25954.44 ,25872.26 ,25986.20 ,25846.48 ,287.88M,0.24%
2019/2/21,25850.63 ,25922.41 ,25938.88 ,25762.21 ,255.71M,-0.40%
2019/2/22,26031.81 ,25906.27 ,26052.90 ,25906.27 ,279.76M,0.70%
2019/2/25,26091.95 ,26126.15 ,26241.42 ,26080.66 ,281.60M,0.23%
2019/2/26,26057.98 ,26051.61 ,26155.29 ,25966.01 ,257.85M,-0.13%
2019/2/27,25985.16 ,25995.60 ,26039.68 ,25877.24 ,255.38M,-0.28%
2019/2/28,25916.00 ,25984.28 ,26029.21 ,25896.56 ,338.52M,-0.27%
2019/3/1,26026.32 ,26019.67 ,26143.92 ,25914.37 ,289.89M,0.43%
2019/3/4,25819.65 ,26122.19 ,26155.98 ,25611.55 ,295.51M,-0.79%
2019/3/5,25806.63 ,25829.07 ,25877.15 ,25725.63 ,252.26M,-0.05%
2019/3/6,25673.46 ,25818.76 ,25837.61 ,25633.71 ,256.25M,-0.52%
2019/3/7,25473.23 ,25645.45 ,25645.45 ,25352.55 ,289.14M,-0.78%
2019/3/8,25450.24 ,25347.38 ,25466.14 ,25252.46 ,270.50M,-0.09%
2019/3/11,25650.88 ,25208.00 ,25661.63 ,25208.00 ,309.79M,0.79%
2019/3/12,25554.66 ,25600.30 ,25675.44 ,25522.17 ,312.52M,-0.38%
2019/3/13,25702.89 ,25637.23 ,25776.49 ,25571.31 ,331.41M,0.58%
2019/3/14,25709.94 ,25692.31 ,25752.84 ,25621.31 ,302.79M,0.03%
2019/3/15,25848.87 ,25720.96 ,25927.91 ,25649.70 ,616.91M,0.54%
2019/3/18,25914.10 ,25801.88 ,25924.77 ,25785.66 ,303.17M,0.25%
2019/3/19,25887.38 ,25987.87 ,26109.68 ,25814.92 ,342.25M,-0.10%
2019/3/20,25745.67 ,25867.79 ,25929.52 ,25670.63 ,321.98M,-0.55%
2019/3/21,25962.51 ,25688.44 ,26009.90 ,25657.78 ,335.25M,0.84%
2019/3/22,25502.32 ,25844.65 ,25877.01 ,25501.45 ,386.51M,-1.77%
2019/3/25,25516.83 ,25490.72 ,25603.27 ,25372.26 ,303.12M,0.06%
2019/3/26,25657.73 ,25649.56 ,25796.29 ,25544.78 ,305.11M,0.55%
2019/3/27,25625.59 ,25676.34 ,25758.17 ,25425.27 ,270.34M,-0.13%
2019/3/28,25717.46 ,25693.32 ,25743.41 ,25576.69 ,237.17M,0.36%
2019/3/29,25928.68 ,25827.31 ,25949.32 ,25771.67 ,300.62M,0.82%
2019/4/1,26258.42 ,26075.10 ,26280.90 ,26071.69 ,295.57M,1.27%
2019/4/2,26179.13 ,26213.55 ,26221.24 ,26122.31 ,250.94M,-0.30%
2019/4/3,26218.13 ,26238.03 ,26282.17 ,26138.47 ,271.98M,0.15%
2019/4/4,26384.63 ,26213.42 ,26398.90 ,26212.78 ,233.04M,0.64%
2019/4/5,26424.99 ,26427.56 ,26487.57 ,26370.82 ,229.55M,0.15%
2019/4/8,26341.02 ,26312.67 ,26344.65 ,26246.03 ,229.38M,-0.32%
2019/4/9,26150.58 ,26243.54 ,26246.34 ,26103.14 ,244.41M,-0.72%
2019/4/10,26157.16 ,26173.71 ,26209.49 ,26101.24 ,203.13M,0.03%
2019/4/11,26143.05 ,26188.21 ,26229.88 ,26062.59 ,211.68M,-0.05%
2019/4/12,26412.30 ,26357.79 ,26436.68 ,26309.72 ,369.91M,1.03%
2019/4/15,26384.77 ,26407.76 ,26424.85 ,26316.42 ,250.62M,-0.10%
2019/4/16,26452.66 ,26482.19 ,26530.71 ,26397.19 ,302.34M,0.26%
2019/4/17,26449.54 ,26468.53 ,26501.02 ,26391.86 ,367.78M,-0.01%
2019/4/18,26559.54 ,26463.37 ,26602.42 ,26444.53 ,332.85M,0.42%
2019/4/22,26511.05 ,26510.77 ,26553.05 ,26458.61 ,232.57M,-0.18%
2019/4/23,26656.39 ,26513.83 ,26695.96 ,26503.56 ,311.69M,0.55%
2019/4/24,26597.05 ,26652.56 ,26680.58 ,26582.86 ,283.37M,-0.22%
2019/4/25,26462.08 ,26426.37 ,26536.48 ,26310.28 ,296.73M,-0.51%
2019/4/26,26543.33 ,26454.62 ,26543.56 ,26392.55 ,317.29M,0.31%
2019/4/29,26554.39 ,26559.87 ,26602.54 ,26520.75 ,279.45M,0.04%
2019/4/30,26592.91 ,26594.56 ,26614.04 ,26419.47 ,340.32M,0.15%
2019/5/1,26430.14 ,26639.06 ,26689.39 ,26426.38 ,303.85M,-0.61%
2019/5/2,26307.79 ,26407.15 ,26454.69 ,26180.36 ,287.61M,-0.46%
2019/5/3,26504.95 ,26379.14 ,26534.96 ,26370.09 ,248.90M,0.75%
2019/5/6,26438.48 ,26160.62 ,26476.27 ,26033.95 ,283.02M,-0.25%
2019/5/7,25965.09 ,26276.90 ,26276.90 ,25789.71 ,334.96M,-1.79%
2019/5/8,25967.33 ,25933.79 ,26118.10 ,25889.41 ,276.42M,0.01%
2019/5/9,25828.36 ,25878.85 ,25884.89 ,25517.39 ,334.76M,-0.54%
2019/5/10,25942.37 ,25763.72 ,26019.32 ,25469.86 ,294.58M,0.44%
2019/5/13,25324.99 ,25568.06 ,25568.06 ,25222.51 ,361.24M,-2.38%
2019/5/14,25532.05 ,25384.03 ,25688.96 ,25384.03 ,291.57M,0.82%
2019/5/15,25648.02 ,25400.13 ,25724.89 ,25341.94 ,270.72M,0.45%
2019/5/16,25862.68 ,25692.14 ,25957.63 ,25692.14 ,320.96M,0.84%
2019/5/17,25764.00 ,25719.95 ,25948.74 ,25657.78 ,283.76M,-0.38%
2019/5/20,25679.90 ,25655.31 ,25751.71 ,25560.55 ,279.56M,-0.33%
2019/5/21,25877.33 ,25782.34 ,25898.27 ,25779.61 ,260.87M,0.77%
2019/5/22,25776.61 ,25818.46 ,25878.21 ,25755.11 ,241.76M,-0.39%
2019/5/23,25490.47 ,25657.99 ,25657.99 ,25328.09 ,316.94M,-1.11%
2019/5/24,25585.69 ,25551.07 ,25670.81 ,25496.20 ,201.37M,0.37%
2019/5/28,25347.77 ,25616.55 ,25717.63 ,25342.28 ,364.85M,-0.93%
2019/5/29,25126.41 ,25231.46 ,25231.46 ,24938.24 ,298.93M,-0.87%
2019/5/30,25169.88 ,25139.94 ,25218.54 ,25066.75 ,215.24M,0.17%
2019/5/31,24815.04 ,25046.31 ,25046.31 ,24809.51 ,292.23M,-1.41%
2019/6/3,24819.78 ,24830.16 ,24935.21 ,24680.57 ,328.24M,0.02%
2019/6/4,25332.18 ,24962.82 ,25343.77 ,24962.82 ,281.69M,2.06%
2019/6/5,25539.57 ,25451.00 ,25544.66 ,25373.58 ,262.66M,0.82%
2019/6/6,25720.66 ,25567.45 ,25800.30 ,25518.05 ,248.07M,0.71%
2019/6/7,25983.94 ,25768.72 ,26072.75 ,25768.72 ,263.01M,1.02%
2019/6/10,26062.68 ,26090.22 ,26210.61 ,26054.31 ,249.28M,0.30%
2019/6/11,26048.51 ,26180.59 ,26248.67 ,25998.87 ,253.49M,-0.05%
2019/6/12,26004.83 ,26040.30 ,26082.10 ,25958.66 ,223.69M,-0.17%
2019/6/13,26106.77 ,26036.94 ,26146.91 ,25995.71 ,213.40M,0.39%
2019/6/14,26089.61 ,26076.36 ,26162.28 ,25988.09 ,208.02M,-0.07%
2019/6/17,26112.53 ,26108.53 ,26165.78 ,26049.80 ,199.50M,0.09%
2019/6/18,26465.54 ,26228.88 ,26527.19 ,26227.76 ,273.49M,1.35%
2019/6/19,26504.00 ,26490.16 ,26569.75 ,26415.05 ,240.95M,0.15%
2019/6/20,26753.17 ,26665.38 ,26798.63 ,26539.69 ,278.17M,0.94%
2019/6/21,26719.13 ,26749.12 ,26907.37 ,26705.87 ,485.56M,-0.13%
2019/6/24,26727.54 ,26727.61 ,26806.52 ,26723.37 ,232.39M,0.03%
2019/6/25,26548.22 ,26731.61 ,26752.31 ,26527.66 ,282.16M,-0.67%
2019/6/26,26536.82 ,26599.42 ,26660.04 ,26536.33 ,274.34M,-0.04%
2019/6/27,26526.58 ,26523.72 ,26607.24 ,26465.32 ,246.93M,-0.04%
2019/6/28,26599.96 ,26605.93 ,26638.35 ,26522.27 ,499.35M,0.28%
2019/7/1,26717.43 ,26805.86 ,26890.64 ,26616.21 ,285.35M,0.44%
2019/7/2,26786.68 ,26719.53 ,26787.56 ,26632.65 ,219.27M,0.26%
2019/7/3,26966.00 ,26832.32 ,26966.00 ,26831.44 ,149.84M,0.67%
2019/7/5,26922.12 ,26867.75 ,26950.81 ,26733.33 ,192.17M,-0.16%
2019/7/8,26806.14 ,26835.64 ,26839.14 ,26744.87 ,214.29M,-0.43%
2019/7/9,26783.49 ,26725.12 ,26807.70 ,26665.57 ,218.33M,-0.08%
2019/7/10,26860.20 ,26851.96 ,26983.45 ,26813.11 ,207.99M,0.29%
2019/7/11,27088.08 ,26950.16 ,27088.45 ,26916.32 ,252.30M,0.85%
2019/7/12,27332.03 ,27139.49 ,27333.79 ,27135.45 ,248.39M,0.90%
2019/7/15,27359.16 ,27364.69 ,27364.69 ,27294.17 ,199.73M,0.10%
2019/7/16,27335.63 ,27349.32 ,27398.68 ,27290.24 ,226.00M,-0.09%
2019/7/17,27219.85 ,27320.91 ,27343.06 ,27218.38 ,196.78M,-0.42%
2019/7/18,27222.97 ,27191.98 ,27266.81 ,27068.79 ,218.82M,0.01%
2019/7/19,27154.20 ,27246.38 ,27342.96 ,27145.78 ,287.69M,-0.25%
2019/7/22,27171.90 ,27174.18 ,27227.77 ,27088.90 ,226.95M,0.07%
2019/7/23,27349.19 ,27231.86 ,27368.81 ,27204.58 ,250.80M,0.65%
2019/7/24,27269.97 ,27262.24 ,27291.04 ,27191.12 ,245.88M,-0.29%
2019/7/25,27140.98 ,27247.39 ,27298.43 ,27062.48 ,244.02M,-0.47%
2019/7/26,27192.45 ,27166.00 ,27213.70 ,27123.25 ,243.20M,0.19%
2019/7/29,27221.35 ,27192.24 ,27275.85 ,27178.06 ,259.32M,0.11%
2019/7/30,27198.02 ,27145.39 ,27224.36 ,27069.86 ,293.25M,-0.09%
2019/7/31,26864.27 ,27244.67 ,27281.65 ,26719.60 ,389.00M,-1.23%
2019/8/1,26583.42 ,26879.86 ,27175.59 ,26548.71 ,390.49M,-1.05%
2019/8/2,26485.01 ,26528.66 ,26570.02 ,26249.22 ,335.72M,-0.37%
2019/8/5,25717.74 ,26259.23 ,26259.23 ,25523.38 ,423.37M,-2.90%
2019/8/6,26029.52 ,25810.62 ,26038.68 ,25710.87 ,322.97M,1.21%
2019/8/7,26007.07 ,25814.22 ,26073.21 ,25440.39 ,350.09M,-0.09%
2019/8/8,26378.19 ,26086.52 ,26383.61 ,26038.10 ,283.59M,1.43%
2019/8/9,26287.44 ,26337.09 ,26413.36 ,26097.64 ,241.93M,-0.34%
2019/8/12,25907.37 ,26169.91 ,26178.95 ,25824.94 ,200.58M,-1.45%
2019/8/13,26279.91 ,25888.88 ,26426.97 ,25833.25 ,309.61M,1.44%
2019/8/14,25479.42 ,26035.08 ,26035.08 ,25471.59 ,357.00M,-3.05%
2019/8/15,25579.39 ,25514.25 ,25639.69 ,25339.60 ,335.80M,0.39%
2019/8/16,25886.01 ,25678.17 ,25929.65 ,25678.17 ,276.21M,1.20%
2019/8/19,26135.79 ,26020.06 ,26222.32 ,26020.06 ,252.64M,0.96%
2019/8/20,25962.44 ,26086.86 ,26160.12 ,25952.00 ,238.10M,-0.66%
2019/8/21,26202.73 ,26145.36 ,26268.32 ,26141.77 ,208.79M,0.93%
2019/8/22,26252.24 ,26271.64 ,26388.78 ,26099.01 ,222.81M,0.19%
2019/8/23,25628.90 ,26134.21 ,26320.29 ,25507.18 ,364.26M,-2.37%
2019/8/26,25898.83 ,25826.05 ,25941.25 ,25716.39 ,222.78M,1.05%
2019/8/27,25777.90 ,26014.46 ,26054.02 ,25721.85 ,263.53M,-0.47%
2019/8/28,26036.10 ,25712.99 ,26041.57 ,25637.43 ,207.07M,1.00%
2019/8/29,26362.25 ,26249.09 ,26408.84 ,26185.71 ,212.19M,1.25%
2019/8/30,26403.28 ,26476.39 ,26514.62 ,26295.59 ,219.08M,0.16%
2019/9/3,26118.02 ,26198.26 ,26198.26 ,25978.22 ,223.21M,-1.08%
2019/9/4,26355.47 ,26301.99 ,26362.35 ,26244.44 ,202.71M,0.91%
2019/9/5,26728.15 ,26603.15 ,26836.30 ,26603.15 ,256.67M,1.41%
2019/9/6,26797.46 ,26790.25 ,26860.87 ,26708.39 ,209.70M,0.26%
2019/9/9,26835.51 ,26866.23 ,26900.83 ,26762.18 ,273.12M,0.14%
2019/9/10,26909.43 ,26805.83 ,26909.43 ,26717.05 ,322.34M,0.28%
2019/9/11,27137.04 ,26928.05 ,27137.04 ,26885.48 ,272.59M,0.85%
2019/9/12,27182.45 ,27197.32 ,27306.73 ,27105.01 ,254.65M,0.17%
2019/9/13,27219.52 ,27216.67 ,27277.55 ,27193.95 ,255.26M,0.14%
2019/9/16,27076.82 ,27146.06 ,27172.87 ,27032.56 ,220.62M,-0.52%
2019/9/17,27110.80 ,27010.12 ,27110.80 ,26984.14 ,223.58M,0.13%
2019/9/18,27147.08 ,27075.39 ,27161.93 ,26899.15 ,212.86M,0.13%
2019/9/19,27094.79 ,27186.05 ,27272.17 ,27064.21 ,216.44M,-0.19%
2019/9/20,26935.07 ,27102.18 ,27194.75 ,26926.68 ,512.57M,-0.59%
2019/9/23,26949.99 ,26851.45 ,27011.07 ,26831.34 ,214.83M,0.06%
2019/9/24,26807.77 ,27034.07 ,27079.68 ,26704.96 ,307.43M,-0.53%
2019/9/25,26970.71 ,26866.71 ,27016.56 ,26755.86 ,237.22M,0.61%
2019/9/26,26891.12 ,27004.11 ,27015.07 ,26803.84 ,230.80M,-0.30%
2019/9/27,26820.25 ,26987.26 ,27012.54 ,26715.82 ,217.78M,-0.26%
2019/9/30,26916.83 ,26852.33 ,26998.86 ,26852.33 ,228.48M,0.36%
2019/10/1,26573.04 ,26962.54 ,27046.21 ,26562.22 ,272.18M,-1.28%
2019/10/2,26078.62 ,26425.86 ,26438.04 ,25974.12 ,312.73M,-1.86%
2019/10/3,26201.04 ,26039.02 ,26205.20 ,25743.46 ,249.02M,0.47%
2019/10/4,26573.72 ,26271.70 ,26590.74 ,26271.70 ,224.49M,1.42%
2019/10/7,26478.02 ,26502.33 ,26655.84 ,26424.54 ,197.51M,-0.36%
2019/10/8,26164.04 ,26276.59 ,26421.81 ,26139.80 ,251.42M,-1.19%
2019/10/9,26346.01 ,26308.23 ,26424.31 ,26249.75 ,191.75M,0.70%
2019/10/10,26496.67 ,26317.35 ,26603.31 ,26314.51 ,217.68M,0.57%
2019/10/11,26816.59 ,26694.20 ,27013.97 ,26694.20 ,283.53M,1.21%
2019/10/14,26787.36 ,26766.43 ,26874.33 ,26749.18 ,178.62M,-0.11%
2019/10/15,27024.80 ,26811.20 ,27120.11 ,26811.20 ,247.48M,0.89%
2019/10/16,27001.98 ,26972.31 ,27058.34 ,26943.29 ,218.24M,-0.08%
2019/10/17,27025.88 ,27032.38 ,27112.16 ,26970.29 ,225.06M,0.09%
2019/10/18,26770.20 ,27004.49 ,27018.25 ,26770.13 ,293.61M,-0.95%
2019/10/21,26827.64 ,26852.67 ,26852.67 ,26747.62 ,241.03M,0.21%
2019/10/22,26788.10 ,26850.43 ,26946.64 ,26782.61 ,265.51M,-0.15%
2019/10/23,26833.95 ,26835.24 ,26896.89 ,26745.00 ,247.68M,0.17%
2019/10/24,26805.53 ,26893.93 ,26931.78 ,26714.34 ,259.64M,-0.11%
2019/10/25,26958.06 ,26789.61 ,27015.37 ,26765.68 ,274.61M,0.57%
2019/10/28,27090.72 ,27040.33 ,27167.88 ,27028.71 ,290.77M,0.49%
2019/10/29,27071.42 ,27061.07 ,27165.94 ,27039.76 ,269.61M,-0.07%
2019/10/30,27186.69 ,27110.71 ,27204.36 ,26999.64 ,231.75M,0.43%
2019/10/31,27046.23 ,27188.37 ,27188.37 ,26918.29 ,273.83M,-0.52%
2019/11/1,27347.36 ,27142.95 ,27347.43 ,27142.95 ,272.07M,1.11%
2019/11/4,27462.11 ,27402.06 ,27517.58 ,27402.06 ,273.03M,0.42%
2019/11/5,27492.63 ,27500.23 ,27560.36 ,27453.55 ,293.96M,0.11%
2019/11/6,27492.56 ,27502.74 ,27526.05 ,27407.81 ,243.19M,0.00%
2019/11/7,27674.80 ,27590.16 ,27774.67 ,27590.16 ,263.58M,0.66%
2019/11/8,27681.24 ,27686.20 ,27694.95 ,27578.97 ,222.79M,0.02%
2019/11/11,27691.49 ,27580.66 ,27714.39 ,27517.67 ,204.62M,0.04%
2019/11/12,27691.49 ,27701.59 ,27770.86 ,27635.32 ,213.67M,0.00%
2019/11/13,27783.59 ,27622.04 ,27806.40 ,27587.20 ,278.39M,0.33%
2019/11/14,27781.96 ,27757.20 ,27800.71 ,27676.97 ,303.97M,-0.01%
2019/11/15,28004.89 ,27843.54 ,28004.89 ,27843.54 ,288.91M,0.80%
2019/11/18,28036.22 ,27993.22 ,28040.97 ,27969.24 ,252.32M,0.11%
2019/11/19,27934.02 ,28079.76 ,28090.21 ,27894.52 ,256.62M,-0.36%
2019/11/20,27821.09 ,27879.55 ,27897.28 ,27675.28 ,260.24M,-0.40%
2019/11/21,27766.29 ,27820.28 ,27828.33 ,27708.34 ,232.02M,-0.20%
2019/11/22,27875.62 ,27831.23 ,27898.46 ,27773.98 ,218.58M,0.39%
2019/11/25,28066.47 ,27917.77 ,28068.69 ,27917.77 ,248.42M,0.68%
2019/11/26,28121.68 ,28080.75 ,28146.02 ,28042.21 ,329.80M,0.20%
2019/11/27,28164.00 ,28156.47 ,28174.97 ,28075.23 ,198.21M,0.15%
2019/11/29,28051.41 ,28103.16 ,28119.51 ,28042.53 ,122.62M,-0.40%
2019/12/2,27783.04 ,28109.74 ,28109.84 ,27782.35 ,236.61M,-0.96%
2019/12/3,27502.81 ,27501.98 ,27524.74 ,27325.13 ,275.35M,-1.01%
2019/12/4,27649.78 ,27634.63 ,27727.45 ,27612.08 ,218.20M,0.53%
2019/12/5,27677.79 ,27736.05 ,27745.20 ,27562.80 ,219.99M,0.10%
2019/12/6,28015.06 ,27839.68 ,28035.85 ,27839.68 ,224.83M,1.22%
2019/12/9,27909.60 ,27987.05 ,28010.42 ,27906.14 ,219.07M,-0.38%
2019/12/10,27881.72 ,27900.65 ,27949.02 ,27804.00 ,215.81M,-0.10%
2019/12/11,27911.30 ,27867.31 ,27925.50 ,27801.80 ,221.70M,0.11%
2019/12/12,28132.05 ,27898.34 ,28224.95 ,27859.87 ,277.74M,0.79%
2019/12/13,28135.38 ,28123.64 ,28290.73 ,28028.32 ,254.81M,0.01%
2019/12/16,28235.89 ,28191.67 ,28337.49 ,28191.67 ,286.77M,0.36%
2019/12/17,28267.16 ,28221.75 ,28328.63 ,28220.56 ,286.77M,0.11%
2019/12/18,28239.28 ,28291.44 ,28323.25 ,28239.28 ,289.89M,-0.10%
2019/12/19,28376.96 ,28278.31 ,28381.48 ,28278.24 ,262.57M,0.49%
2019/12/20,28455.09 ,28608.64 ,28608.64 ,28445.60 ,603.78M,0.28%
2019/12/23,28551.53 ,28491.78 ,28582.49 ,28491.78 ,233.47M,0.34%
2019/12/24,28515.45 ,28572.57 ,28576.80 ,28503.21 ,95.29M,-0.13%
2019/12/26,28621.39 ,28539.46 ,28624.10 ,28535.15 ,155.97M,0.37%
2019/12/27,28645.26 ,28675.34 ,28701.66 ,28608.98 ,184.93M,0.08%
2019/12/30,28462.14 ,28654.76 ,28664.69 ,28428.98 ,185.07M,-0.64%
2019/12/31,28538.44 ,28414.64 ,28547.35 ,28376.49 ,193.34M,0.27%
2020/1/2,28868.80 ,28638.97 ,28872.80 ,28627.77 ,254.29M,1.16%
2020/1/3,28634.88 ,28553.33 ,28716.31 ,28500.36 ,239.59M,-0.81%
2020/1/6,28703.38 ,28465.50 ,28708.02 ,28418.63 ,261.81M,0.24%
2020/1/7,28583.68 ,28639.18 ,28685.50 ,28565.28 ,266.68M,-0.42%
2020/1/8,28745.09 ,28556.14 ,28866.18 ,28522.51 ,296.43M,0.56%
2020/1/9,28956.90 ,28851.97 ,28988.01 ,28844.31 ,282.85M,0.74%
2020/1/10,28823.77 ,28977.52 ,29009.07 ,28789.10 ,239.17M,-0.46%
2020/1/13,28907.05 ,28869.01 ,28909.91 ,28819.43 ,263.02M,0.29%
2020/1/14,28939.67 ,28895.50 ,29054.16 ,28872.27 ,296.04M,0.11%
2020/1/15,29030.22 ,28901.80 ,29127.59 ,28897.35 ,263.43M,0.31%
2020/1/16,29297.64 ,29131.95 ,29300.32 ,29131.95 ,252.11M,0.92%
2020/1/17,29348.10 ,29313.31 ,29373.62 ,29289.91 ,336.87M,0.17%
2020/1/21,29196.04 ,29269.05 ,29341.21 ,29146.47 ,320.64M,-0.52%
2020/1/22,29186.27 ,29263.63 ,29320.20 ,29172.26 ,283.44M,-0.03%
2020/1/23,29160.09 ,29111.02 ,29190.47 ,28966.98 ,307.06M,-0.09%
2020/1/24,28989.73 ,29230.39 ,29288.79 ,28843.31 ,380.01M,-0.58%
2020/1/27,28535.80 ,28542.49 ,28671.79 ,28440.47 ,337.27M,-1.57%
2020/1/28,28722.85 ,28594.28 ,28823.23 ,28575.75 ,352.94M,0.66%
2020/1/29,28734.45 ,28820.53 ,28944.24 ,28728.19 ,305.93M,0.04%
2020/1/30,28859.44 ,28640.16 ,28879.71 ,28489.76 ,326.85M,0.43%
2020/1/31,28256.03 ,28813.04 ,28813.04 ,28169.53 ,403.89M,-2.09%
2020/2/3,28399.81 ,28319.65 ,28630.39 ,28319.65 ,315.50M,0.51%
2020/2/4,28807.63 ,28696.74 ,28904.88 ,28696.74 ,332.75M,1.44%
2020/2/5,29290.85 ,29048.73 ,29308.89 ,29000.85 ,357.54M,1.68%
2020/2/6,29379.77 ,29388.58 ,29408.05 ,29246.93 ,263.70M,0.30%
2020/2/7,29102.51 ,29286.92 ,29286.92 ,29056.98 ,253.87M,-0.94%
2020/2/10,29276.82 ,28995.66 ,29278.07 ,28995.66 ,257.46M,0.60%
2020/2/11,29276.34 ,29390.71 ,29415.39 ,29210.47 ,281.85M,0.00%
2020/2/12,29551.42 ,29406.75 ,29568.57 ,29406.75 ,309.53M,0.94%
2020/2/13,29423.31 ,29436.03 ,29535.40 ,29345.93 ,294.36M,-0.43%
2020/2/14,29398.08 ,29440.47 ,29463.04 ,29283.18 ,232.55M,-0.09%
2020/2/18,29232.19 ,29282.78 ,29330.16 ,29116.81 ,264.16M,-0.56%
2020/2/19,29348.03 ,29312.70 ,29409.09 ,29274.38 ,242.65M,0.40%
2020/2/20,29219.98 ,29296.25 ,29368.45 ,28959.65 ,289.07M,-0.44%
2020/2/21,28992.41 ,29146.53 ,29146.53 ,28892.70 ,313.44M,-0.78%
2020/2/24,27960.80 ,28402.93 ,28402.93 ,27912.44 ,458.71M,-3.56%
2020/2/25,27081.36 ,28037.65 ,28149.20 ,26997.62 ,513.27M,-3.15%
2020/2/26,26957.59 ,27159.46 ,27542.78 ,26890.97 ,477.57M,-0.46%
2020/2/27,25766.64 ,26526.00 ,26775.31 ,25752.82 ,670.37M,-4.42%
2020/2/28,25409.36 ,25270.83 ,25494.24 ,24681.01 ,922.68M,-1.39%
2020/3/2,26703.32 ,25590.51 ,26706.17 ,25391.96 ,637.20M,5.09%
2020/3/3,25917.41 ,26762.47 ,27084.59 ,25706.28 ,647.08M,-2.94%
2020/3/4,27090.86 ,26383.68 ,27102.34 ,26286.31 ,457.59M,4.53%
2020/3/5,26121.28 ,26671.92 ,26671.92 ,25943.33 ,477.37M,-3.58%
2020/3/6,25864.78 ,25457.21 ,25994.38 ,25226.62 ,601.01M,-0.98%
2020/3/9,23851.02 ,24992.36 ,24992.36 ,23706.07 ,750.43M,-7.79%
2020/3/10,25018.16 ,24453.00 ,25020.99 ,23690.34 ,654.86M,4.89%
2020/3/11,23553.22 ,24604.63 ,24604.63 ,23328.32 ,663.96M,-5.86%
2020/3/12,21200.62 ,22184.71 ,22837.95 ,21154.46 ,911.77M,-9.99%
2020/3/13,23185.62 ,21973.82 ,23189.76 ,21285.37 ,843.08M,9.36%
2020/3/16,20188.52 ,20917.53 ,21768.28 ,20116.46 ,775.91M,-12.93%
2020/3/17,21237.38 ,20487.05 ,21379.35 ,19882.26 ,795.84M,5.20%
2020/3/18,19898.92 ,20188.69 ,20489.33 ,18917.46 ,874.09M,-6.30%
2020/3/19,20087.19 ,19830.01 ,20442.63 ,19177.13 ,795.80M,0.95%
2020/3/20,19173.98 ,20253.15 ,20531.26 ,19094.27 ,872.29M,-4.55%
2020/3/23,18591.93 ,19028.36 ,19121.01 ,18213.65 ,801.24M,-3.04%
2020/3/24,20704.91 ,19722.19 ,20737.70 ,19649.25 ,808.47M,11.37%
2020/3/25,21200.55 ,21050.34 ,22019.93 ,20538.34 ,803.31M,2.39%
2020/3/26,22552.17 ,21468.38 ,22595.06 ,21427.10 ,713.73M,6.38%
2020/3/27,21636.78 ,21898.47 ,22327.57 ,21469.27 ,591.33M,-4.06%
2020/3/30,22327.48 ,21678.22 ,22378.09 ,21522.08 ,546.85M,3.19%
2020/3/31,21917.16 ,22208.42 ,22480.37 ,21852.08 ,573.59M,-1.84%
2020/4/1,20943.51 ,21227.38 ,21487.24 ,20784.43 ,508.31M,-4.44%
2020/4/2,21413.44 ,20819.46 ,21477.77 ,20735.02 ,534.67M,2.24%
2020/4/3,21052.53 ,21285.93 ,21447.81 ,20863.09 ,451.62M,-1.69%
2020/4/6,22679.99 ,21693.63 ,22783.45 ,21693.63 ,614.20M,7.73%
2020/4/7,22653.86 ,23537.44 ,23617.24 ,22634.45 ,595.87M,-0.12%
2020/4/8,23433.57 ,22893.47 ,23513.40 ,22682.99 ,476.09M,3.44%
2020/4/9,23719.37 ,23690.66 ,24008.99 ,23504.09 ,568.72M,1.22%
2020/4/13,23390.77 ,23698.93 ,23698.93 ,23095.35 ,396.56M,-1.39%
2020/4/14,23949.76 ,23690.57 ,24040.58 ,23683.44 ,487.96M,2.39%
2020/4/15,23504.35 ,23600.72 ,23649.72 ,23233.32 ,442.15M,-1.86%
2020/4/16,23537.68 ,23543.66 ,23598.08 ,23211.38 ,478.62M,0.14%
2020/4/17,24242.49 ,23817.15 ,24264.21 ,23817.15 ,530.28M,2.99%
2020/4/20,23650.44 ,24095.10 ,24108.69 ,23627.19 ,427.35M,-2.44%
2020/4/21,23018.88 ,23365.25 ,23365.25 ,22941.88 ,487.65M,-2.67%
2020/4/22,23475.82 ,23437.34 ,23613.10 ,23339.60 ,356.39M,1.99%
2020/4/23,23515.26 ,23543.09 ,23885.36 ,23483.35 ,393.57M,0.17%
2020/4/24,23775.27 ,23628.24 ,23826.00 ,23417.68 ,379.31M,1.11%
2020/4/27,24133.78 ,23866.15 ,24207.65 ,23840.61 ,391.02M,1.51%
2020/4/28,24101.55 ,24357.17 ,24512.24 ,24031.20 ,405.71M,-0.13%
2020/4/29,24633.86 ,24490.37 ,24764.77 ,24453.99 ,462.48M,2.21%
2020/4/30,24345.72 ,24585.57 ,24585.57 ,24186.90 ,487.84M,-1.17%
2020/5/1,23723.69 ,24120.78 ,24120.78 ,23645.30 ,421.59M,-2.55%
2020/5/4,23749.76 ,23581.55 ,23769.56 ,23361.16 ,358.39M,0.11%
2020/5/5,23883.09 ,23958.88 ,24169.72 ,23868.91 ,374.49M,0.56%
2020/5/6,23664.64 ,23978.88 ,24054.59 ,23661.14 ,379.91M,-0.91%
2020/5/7,23875.89 ,23837.21 ,24094.62 ,23834.39 ,371.68M,0.89%
2020/5/8,24331.32 ,24107.82 ,24349.90 ,24107.05 ,337.34M,1.91%
2020/5/11,24221.99 ,24256.45 ,24366.21 ,24070.22 ,356.51M,-0.45%
2020/5/12,23764.78 ,24292.84 ,24382.09 ,23761.58 ,361.56M,-1.89%
2020/5/13,23247.97 ,23702.16 ,23708.90 ,23067.64 ,473.32M,-2.17%
2020/5/14,23625.34 ,23049.06 ,23630.86 ,22789.62 ,476.98M,1.62%
2020/5/15,23685.42 ,23454.83 ,23730.08 ,23354.15 ,495.18M,0.25%
2020/5/18,24597.37 ,24059.98 ,24708.54 ,24059.98 ,484.19M,3.85%
2020/5/19,24206.86 ,24577.48 ,24599.50 ,24202.96 ,376.92M,-1.59%
2020/5/20,24575.90 ,24455.94 ,24649.48 ,24455.94 ,371.93M,1.52%
2020/5/21,24474.12 ,24564.27 ,24718.46 ,24370.88 ,348.84M,-0.41%
2020/5/22,24465.16 ,24461.98 ,24481.64 ,24294.07 ,255.66M,-0.04%
2020/5/26,24995.11 ,24781.84 ,25176.42 ,24781.84 ,426.29M,2.17%
2020/5/27,25548.27 ,25298.63 ,25551.56 ,25009.87 ,420.36M,2.21%
2020/5/28,25400.64 ,25697.36 ,25758.79 ,25358.73 ,378.40M,-0.58%
2020/5/29,25383.11 ,25324.15 ,25482.80 ,25031.67 ,545.14M,-0.07%
2020/6/1,25475.02 ,25342.99 ,25508.83 ,25220.66 ,341.22M,0.36%
2020/6/2,25742.65 ,25582.52 ,25743.13 ,25523.74 ,355.24M,1.05%
2020/6/3,26269.89 ,25906.88 ,26337.75 ,25906.88 ,401.27M,2.05%
2020/6/4,26281.82 ,26226.49 ,26384.10 ,26082.31 ,375.55M,0.05%
2020/6/5,27110.98 ,26836.80 ,27338.30 ,26836.80 ,544.41M,3.15%
2020/6/8,27572.44 ,27232.93 ,27580.21 ,27232.48 ,433.34M,1.70%
2020/6/9,27272.30 ,27447.37 ,27447.37 ,27151.06 ,388.25M,-1.09%
2020/6/10,26989.99 ,27251.89 ,27355.22 ,26938.05 ,449.99M,-1.04%
2020/6/11,25128.17 ,26282.51 ,26294.08 ,25082.72 ,651.47M,-6.90%
2020/6/12,25605.54 ,25659.42 ,25965.55 ,25078.41 ,521.19M,1.90%
2020/6/15,25763.16 ,25270.39 ,25891.58 ,24843.18 ,463.13M,0.62%
2020/6/16,26289.98 ,26326.68 ,26611.03 ,25811.70 ,493.36M,2.04%
2020/6/17,26119.61 ,26330.52 ,26400.07 ,26068.41 ,330.57M,-0.65%
2020/6/18,26080.10 ,26016.45 ,26154.20 ,25848.53 ,330.07M,-0.15%
2020/6/19,25871.46 ,26213.10 ,26451.44 ,25759.66 ,681.89M,-0.80%
2020/6/22,26024.96 ,25865.08 ,26059.81 ,25667.68 ,353.01M,0.59%
2020/6/23,26156.10 ,26159.39 ,26314.97 ,26105.97 ,392.16M,0.50%
2020/6/24,25445.94 ,25992.96 ,25992.96 ,25296.73 ,452.53M,-2.72%
2020/6/25,25745.60 ,25365.22 ,25769.61 ,25209.79 ,388.07M,1.18%
2020/6/26,25015.55 ,25641.69 ,25641.69 ,24971.03 ,676.18M,-2.84%
2020/6/29,25595.80 ,25152.45 ,25601.15 ,25096.16 ,385.13M,2.32%
2020/6/30,25812.88 ,25512.43 ,25905.38 ,25475.14 ,412.69M,0.85%
2020/7/1,25734.97 ,25879.38 ,26019.31 ,25713.61 ,373.98M,-0.30%
2020/7/2,25827.36 ,25936.45 ,26204.41 ,25778.12 ,350.29M,0.36%
2020/7/6,26287.03 ,25996.08 ,26297.53 ,25996.08 ,342.26M,1.78%
2020/7/7,25890.18 ,26172.01 ,26174.93 ,25866.58 ,349.00M,-1.51%
2020/7/8,26067.28 ,25950.06 ,26109.49 ,25816.25 ,337.30M,0.68%
2020/7/9,25706.09 ,26094.92 ,26103.28 ,25523.51 ,389.18M,-1.39%
2020/7/10,26075.30 ,25690.35 ,26101.32 ,25637.50 ,337.36M,1.44%
2020/7/13,26085.80 ,26225.07 ,26639.09 ,26044.23 ,428.57M,0.04%
2020/7/14,26642.59 ,26044.17 ,26690.52 ,25994.98 ,407.34M,2.13%
2020/7/15,26870.10 ,27009.81 ,27071.33 ,26692.48 ,388.26M,0.85%
2020/7/16,26734.71 ,26746.57 ,26879.16 ,26590.01 ,288.04M,-0.50%
2020/7/17,26671.95 ,26774.62 ,26808.43 ,26619.88 ,300.52M,-0.23%
2020/7/20,26680.87 ,26660.29 ,26765.02 ,26504.20 ,312.07M,0.03%
2020/7/21,26840.40 ,26833.14 ,27025.38 ,26766.22 ,367.24M,0.60%
2020/7/22,27005.84 ,26824.56 ,27035.24 ,26794.19 ,410.82M,0.62%
2020/7/23,26652.33 ,26955.97 ,26973.85 ,26560.04 ,426.56M,-1.31%
2020/7/24,26469.89 ,26533.41 ,26625.70 ,26402.86 ,497.97M,-0.68%
2020/7/27,26584.77 ,26447.67 ,26625.46 ,26426.92 ,400.93M,0.43%
2020/7/28,26379.28 ,26529.45 ,26556.84 ,26361.71 ,362.40M,-0.77%
2020/7/29,26539.57 ,26388.44 ,26602.45 ,26375.39 ,347.58M,0.61%
2020/7/30,26313.65 ,26367.42 ,26374.93 ,25992.28 ,358.29M,-0.85%
2020/7/31,26428.32 ,26409.33 ,26440.02 ,26013.59 ,491.37M,0.44%
2020/8/3,26664.40 ,26542.32 ,26707.26 ,26534.38 ,439.38M,0.89%
2020/8/4,26828.47 ,26664.61 ,26832.72 ,26597.82 ,355.46M,0.62%
2020/8/5,27201.52 ,26924.78 ,27221.67 ,26924.78 ,369.98M,1.39%
2020/8/6,27386.98 ,27170.82 ,27394.10 ,27145.25 ,323.72M,0.68%
2020/8/7,27433.48 ,27321.68 ,27456.24 ,27223.55 ,324.93M,0.17%
2020/8/10,27791.44 ,27488.21 ,27803.86 ,27488.21 ,362.50M,1.30%
2020/8/11,27686.91 ,27961.64 ,28154.88 ,27624.51 ,430.09M,-0.38%
2020/8/12,27976.84 ,27860.24 ,28043.89 ,27843.32 ,342.07M,1.05%
2020/8/13,27896.72 ,27922.51 ,27986.10 ,27789.78 ,364.41M,-0.29%
2020/8/14,27931.02 ,27828.93 ,27977.81 ,27759.39 ,276.73M,0.12%
2020/8/17,27844.91 ,27970.05 ,27999.81 ,27816.40 ,291.99M,-0.31%
2020/8/18,27778.07 ,27853.48 ,27891.12 ,27668.79 ,277.12M,-0.24%
2020/8/19,27692.88 ,27811.26 ,27920.42 ,27647.67 ,312.95M,-0.31%
2020/8/20,27739.73 ,27622.68 ,27781.46 ,27526.25 ,306.05M,0.17%
2020/8/21,27930.33 ,27758.13 ,27959.48 ,27686.78 ,374.34M,0.69%
2020/8/24,28308.46 ,28077.58 ,28314.94 ,28041.75 ,385.44M,1.35%
2020/8/25,28248.44 ,28347.42 ,28400.74 ,28094.57 ,341.13M,-0.21%
2020/8/26,28331.92 ,28257.88 ,28353.80 ,28153.91 ,328.80M,0.30%
2020/8/27,28492.27 ,28384.07 ,28634.22 ,28363.93 ,405.09M,0.57%
2020/8/28,28653.87 ,28601.29 ,28733.35 ,28487.98 ,373.80M,0.57%
2020/8/31,28430.05 ,28643.66 ,28643.66 ,28363.55 ,519.82M,-0.78%
2020/9/1,28646.45 ,28439.61 ,28659.26 ,28294.49 ,417.76M,0.76%
2020/9/2,29100.50 ,28736.79 ,29162.88 ,28713.53 ,542.54M,1.59%
2020/9/3,28292.73 ,29090.70 ,29199.35 ,28074.76 ,658.29M,-2.78%
2020/9/4,28133.31 ,28341.05 ,28539.75 ,27664.68 ,700.49M,-0.56%
2020/9/8,27500.89 ,27925.23 ,27925.23 ,27464.90 ,587.16M,-2.25%
2020/9/9,27940.47 ,27711.71 ,28206.21 ,27704.54 ,467.06M,1.60%
2020/9/10,27534.58 ,28022.51 ,28174.78 ,27447.08 ,447.59M,-1.45%
2020/9/11,27665.64 ,27613.86 ,27828.82 ,27448.15 ,437.53M,0.48%
2020/9/14,27993.33 ,27718.74 ,28086.06 ,27718.74 ,384.09M,1.18%
2020/9/15,27995.60 ,28139.76 ,28231.06 ,27931.45 ,418.89M,0.01%
2020/9/16,28032.38 ,28031.69 ,28364.77 ,28021.67 ,416.65M,0.13%
2020/9/17,27901.98 ,27834.18 ,28056.79 ,27647.93 ,439.89M,-0.47%
2020/9/18,27657.42 ,27864.87 ,27946.69 ,27487.97 ,703.89M,-0.88%
2020/9/21,27147.70 ,27484.71 ,27484.71 ,26715.15 ,523.66M,-1.84%
2020/9/22,27288.18 ,27170.34 ,27333.09 ,26989.93 ,423.33M,0.52%
2020/9/23,26763.13 ,27413.60 ,27464.46 ,26716.12 ,463.20M,-1.92%
2020/9/24,26815.44 ,26716.09 ,27094.85 ,26537.01 ,448.78M,0.20%
2020/9/25,27173.96 ,26694.51 ,27239.29 ,26635.38 ,391.73M,1.34%
2020/9/28,27584.06 ,27362.14 ,27722.60 ,27362.14 ,405.06M,1.51%
2020/9/29,27452.66 ,27560.24 ,27605.60 ,27338.09 ,306.70M,-0.48%
2020/9/30,27781.70 ,27514.64 ,28026.33 ,27511.06 ,455.15M,1.20%
2020/10/1,27816.90 ,27940.63 ,28041.46 ,27669.26 ,375.65M,0.13%
2020/10/2,27682.81 ,27536.39 ,27861.43 ,27382.94 ,395.82M,-0.48%
2020/10/5,28148.64 ,27825.42 ,28162.64 ,27825.42 ,322.53M,1.68%
2020/10/6,27772.76 ,28214.24 ,28354.48 ,27728.03 ,438.44M,-1.34%
2020/10/7,28303.46 ,27971.36 ,28369.66 ,27971.36 ,330.19M,1.91%
2020/10/8,28425.51 ,28348.86 ,28459.13 ,28265.56 ,315.83M,0.43%
2020/10/9,28586.90 ,28533.61 ,28676.29 ,28440.63 ,326.48M,0.57%
2020/10/12,28837.52 ,28671.12 ,28957.90 ,28659.67 ,493.68M,0.88%
2020/10/13,28679.81 ,28764.95 ,28808.84 ,28604.35 ,528.27M,-0.55%
2020/10/14,28514.00 ,28731.30 ,28792.56 ,28461.73 ,372.48M,-0.58%
2020/10/15,28494.20 ,28323.40 ,28535.85 ,28181.54 ,330.13M,-0.07%
2020/10/16,28606.31 ,28570.72 ,28842.90 ,28570.72 ,358.95M,0.39%
2020/10/19,28195.42 ,28633.55 ,28711.93 ,28139.40 ,360.92M,-1.44%
2020/10/20,28308.79 ,28245.85 ,28575.03 ,28243.04 ,351.45M,0.40%
2020/10/21,28210.82 ,28270.66 ,28450.64 ,28196.39 ,301.11M,-0.35%
2020/10/22,28363.66 ,28197.42 ,28421.31 ,28040.18 ,334.39M,0.54%
2020/10/23,28335.57 ,28409.65 ,28436.52 ,28149.82 ,350.10M,-0.10%
2020/10/26,27685.38 ,28185.82 ,28185.82 ,27370.16 ,407.04M,-2.29%
2020/10/27,27463.19 ,27651.18 ,27707.69 ,27457.96 ,372.48M,-0.80%
2020/10/28,26519.95 ,27102.14 ,27102.14 ,26497.39 ,499.63M,-3.43%
2020/10/29,26659.11 ,26480.98 ,26891.89 ,26290.78 ,434.01M,0.52%
2020/10/30,26501.60 ,26572.27 ,26639.18 ,26143.77 ,506.32M,-0.59%
2020/11/2,26925.05 ,26691.28 ,27043.48 ,26691.28 ,382.27M,1.60%
2020/11/3,27480.03 ,27138.69 ,27640.21 ,27138.69 ,353.35M,2.06%
2020/11/4,27847.66 ,27512.83 ,28301.50 ,27512.83 ,449.89M,1.34%
2020/11/5,28390.18 ,28083.37 ,28495.05 ,28083.37 ,391.73M,1.95%
2020/11/6,28323.40 ,28399.13 ,28431.96 ,28189.50 ,328.58M,-0.24%
2020/11/9,29157.97 ,29467.90 ,29933.83 ,29130.66 ,680.57M,2.95%
2020/11/10,29420.92 ,29254.17 ,29478.86 ,29126.99 ,526.98M,0.90%
2020/11/11,29397.63 ,29524.35 ,29593.11 ,29281.22 ,376.70M,-0.08%
2020/11/12,29080.17 ,29231.91 ,29311.83 ,28902.13 ,372.87M,-1.08%
2020/11/13,29479.81 ,29203.90 ,29559.25 ,29203.90 ,348.81M,1.37%
2020/11/16,29950.44 ,29672.36 ,29964.29 ,29672.36 ,420.76M,1.60%
2020/11/17,29783.35 ,29800.15 ,29872.42 ,29520.29 ,376.14M,-0.56%
2020/11/18,29438.42 ,29875.40 ,29930.85 ,29432.84 ,384.89M,-1.16%
2020/11/19,29483.23 ,29370.92 ,29524.90 ,29228.38 ,333.16M,0.15%
2020/11/20,29263.48 ,29437.57 ,29469.89 ,29231.20 ,308.74M,-0.75%
2020/11/23,29591.27 ,29332.82 ,29667.75 ,29332.82 ,389.02M,1.12%
2020/11/24,30046.24 ,29746.11 ,30116.51 ,29746.11 ,436.45M,1.54%
2020/11/25,29872.47 ,30058.87 ,30058.87 ,29806.25 ,324.19M,-0.58%
2020/11/27,29910.37 ,29911.33 ,30015.13 ,29819.98 ,178.10M,0.13%
2020/11/30,29638.64 ,29854.51 ,29854.51 ,29463.64 ,561.21M,-0.91%
2020/12/1,29823.92 ,29797.50 ,30083.31 ,29797.50 ,435.44M,0.63%
2020/12/2,29883.79 ,29695.09 ,29902.51 ,29599.29 ,389.33M,0.20%
2020/12/3,29969.52 ,29920.83 ,30110.88 ,29877.27 ,408.41M,0.29%
2020/12/4,30218.26 ,29989.56 ,30218.26 ,29989.56 ,363.09M,0.83%
2020/12/7,30069.79 ,30233.03 ,30233.03 ,29967.22 ,370.58M,-0.49%
2020/12/8,30173.88 ,29997.95 ,30246.22 ,29972.07 ,314.83M,0.35%
2020/12/9,30068.81 ,30229.81 ,30319.70 ,29951.85 ,383.74M,-0.35%
2020/12/10,29999.26 ,30032.55 ,30063.87 ,29876.82 ,326.93M,-0.23%
2020/12/11,30046.37 ,29988.21 ,30071.13 ,29820.84 ,396.01M,0.16%
2020/12/14,29861.55 ,30123.91 ,30325.79 ,29849.15 ,371.98M,-0.62%
2020/12/15,30199.31 ,29919.09 ,30243.26 ,29894.95 ,419.48M,1.13%
2020/12/16,30154.54 ,30191.38 ,30236.03 ,30080.11 ,349.54M,-0.15%
2020/12/17,30303.37 ,30216.00 ,30323.78 ,30216.00 ,345.53M,0.49%
2020/12/18,30179.05 ,30314.26 ,30343.59 ,30029.44 ,798.23M,-0.41%
2020/12/21,30216.45 ,30159.00 ,30304.14 ,29755.53 ,445.69M,0.12%
2020/12/22,30015.51 ,30200.20 ,30200.20 ,29992.89 ,392.52M,-0.67%
2020/12/23,30129.83 ,30046.73 ,30292.53 ,30046.73 ,275.38M,0.38%
2020/12/24,30199.87 ,30155.92 ,30209.67 ,30099.30 ,146.44M,0.23%
2020/12/28,30403.97 ,30283.23 ,30525.56 ,30283.23 ,303.08M,0.68%
2020/12/29,30335.67 ,30492.07 ,30588.79 ,30274.24 ,358.87M,-0.22%
2020/12/30,30409.56 ,30415.09 ,30525.35 ,30393.04 ,296.14M,0.24%
2020/12/31,30606.48 ,30417.64 ,30637.47 ,30344.50 ,287.06M,0.65%
2021/1/4,30223.89 ,30627.47 ,30674.28 ,29881.82 ,476.73M,-1.25%
2021/1/5,30391.60 ,30204.25 ,30504.89 ,30141.78 ,350.91M,0.55%
