日期,人数,新增
2020-01-23T00:00:00Z,0,确诊
2020-01-24T00:00:00Z,1,确诊
2020-01-25T00:00:00Z,0,确诊
2020-01-26T00:00:00Z,3,确诊
2020-01-27T00:00:00Z,0,确诊
2020-01-28T00:00:00Z,0,确诊
2020-01-29T00:00:00Z,1,确诊
2020-01-30T00:00:00Z,0,确诊
2020-01-31T00:00:00Z,2,确诊
2020-02-01T00:00:00Z,0,确诊
2020-02-02T00:00:00Z,0,确诊
2020-02-03T00:00:00Z,3,确诊
2020-02-04T00:00:00Z,0,确诊
2020-02-05T00:00:00Z,0,确诊
2020-02-06T00:00:00Z,1,确诊
2020-02-07T00:00:00Z,0,确诊
2020-02-08T00:00:00Z,0,确诊
2020-02-09T00:00:00Z,0,确诊
2020-02-10T00:00:00Z,0,确诊
2020-02-11T00:00:00Z,1,确诊
2020-02-12T00:00:00Z,0,确诊
2020-02-13T00:00:00Z,1,确诊
2020-02-14T00:00:00Z,0,确诊
2020-02-15T00:00:00Z,0,确诊
2020-02-16T00:00:00Z,0,确诊
2020-02-17T00:00:00Z,0,确诊
2020-02-18T00:00:00Z,0,确诊
2020-02-19T00:00:00Z,0,确诊
2020-02-20T00:00:00Z,0,确诊
2020-02-21T00:00:00Z,2,确诊
2020-02-22T00:00:00Z,0,确诊
2020-02-23T00:00:00Z,0,确诊
2020-02-24T00:00:00Z,0,确诊
2020-02-25T00:00:00Z,0,确诊
2020-02-26T00:00:00Z,0,确诊
2020-02-27T00:00:00Z,1,确诊
2020-02-28T00:00:00Z,0,确诊
2020-02-29T00:00:00Z,8,确诊
2020-03-01T00:00:00Z,7,确诊
2020-03-02T00:00:00Z,23,确诊
2020-03-03T00:00:00Z,19,确诊
2020-03-04T00:00:00Z,33,确诊
2020-03-05T00:00:00Z,77,确诊
2020-03-06T00:00:00Z,53,确诊
2020-03-07T00:00:00Z,166,确诊
2020-03-08T00:00:00Z,116,确诊
2020-03-09T00:00:00Z,75,确诊
2020-03-10T00:00:00Z,188,确诊
2020-03-11T00:00:00Z,365,确诊
2020-03-12T00:00:00Z,439,确诊
2020-03-13T00:00:00Z,633,确诊
2020-03-14T00:00:00Z,759,确诊
2020-03-15T00:00:00Z,234,确诊
2020-03-16T00:00:00Z,1467,确诊
2020-03-17T00:00:00Z,1833,确诊
2020-03-18T00:00:00Z,2657,确诊
2020-03-19T00:00:00Z,4494,确诊
2020-03-20T00:00:00Z,6367,确诊
2020-03-21T00:00:00Z,5995,确诊
2020-03-22T00:00:00Z,8830,确诊
2020-03-23T00:00:00Z,11231,确诊
2020-03-24T00:00:00Z,10612,确诊
2020-03-25T00:00:00Z,12075,确诊
2020-03-26T00:00:00Z,17840,确诊
2020-03-27T00:00:00Z,18680,确诊
2020-03-28T00:00:00Z,19607,确诊
2020-03-29T00:00:00Z,18879,确诊
2020-03-30T00:00:00Z,22082,确诊
2020-03-31T00:00:00Z,26316,确诊
2020-04-01T00:00:00Z,32312,确诊
2020-04-02T00:00:00Z,32232,确诊
2020-04-03T00:00:00Z,32164,确诊
2020-04-04T00:00:00Z,32419,确诊
2020-04-05T00:00:00Z,29865,确诊
2020-04-06T00:00:00Z,31379,确诊
2020-04-07T00:00:00Z,30763,确诊
2020-04-08T00:00:00Z,31220,确诊
2020-04-09T00:00:00Z,35935,确诊
2020-04-10T00:00:00Z,34389,确诊
2020-04-11T00:00:00Z,29163,确诊
2020-04-12T00:00:00Z,27293,确诊
2020-04-13T00:00:00Z,26946,确诊
2020-04-14T00:00:00Z,28764,确诊
2020-04-15T00:00:00Z,25389,确诊
2020-04-16T00:00:00Z,30053,确诊
2020-04-17T00:00:00Z,32749,确诊
2020-04-18T00:00:00Z,27998,确诊
2020-04-19T00:00:00Z,26185,确诊
2020-04-20T00:00:00Z,29726,确诊
2020-04-21T00:00:00Z,25828,确诊
2020-04-22T00:00:00Z,28642,确诊
2020-04-23T00:00:00Z,33648,确诊
2020-04-24T00:00:00Z,32289,确诊
2020-04-25T00:00:00Z,30461,确诊
2020-04-26T00:00:00Z,26619,确诊
2020-04-27T00:00:00Z,23549,确诊
2020-04-28T00:00:00Z,24459,确诊
2020-04-29T00:00:00Z,26362,确诊
2020-04-30T00:00:00Z,29183,确诊
2020-05-01T00:00:00Z,34788,确诊
2020-05-02T00:00:00Z,27476,确诊
2020-05-03T00:00:00Z,24530,确诊
2020-05-04T00:00:00Z,23987,确诊
2020-05-05T00:00:00Z,24377,确诊
2020-05-06T00:00:00Z,24426,确诊
2020-05-07T00:00:00Z,27456,确诊
2020-05-08T00:00:00Z,26710,确诊
2020-05-09T00:00:00Z,24868,确诊
2020-05-10T00:00:00Z,18998,确诊
2020-05-11T00:00:00Z,19591,确诊
2020-05-12T00:00:00Z,22625,确诊
2020-05-13T00:00:00Z,20305,确诊
2020-05-14T00:00:00Z,27107,确诊
2020-05-15T00:00:00Z,24741,确诊
2020-05-16T00:00:00Z,24115,确诊
2020-05-17T00:00:00Z,18449,确诊
2020-05-18T00:00:00Z,22235,确诊
2020-05-19T00:00:00Z,20967,确诊
2020-05-20T00:00:00Z,22703,确诊
2020-05-21T00:00:00Z,25643,确诊
2020-05-22T00:00:00Z,23515,确诊
2020-05-23T00:00:00Z,21402,确诊
2020-05-24T00:00:00Z,20165,确诊
2020-05-25T00:00:00Z,18789,确诊
2020-05-26T00:00:00Z,19340,确诊
2020-05-27T00:00:00Z,18337,确诊
2020-05-28T00:00:00Z,22256,确诊
2020-05-29T00:00:00Z,24367,确诊
2020-05-30T00:00:00Z,23812,确诊
2020-05-31T00:00:00Z,19136,确诊
2020-06-01T00:00:00Z,17385,确诊
2020-06-02T00:00:00Z,21226,确诊
2020-06-03T00:00:00Z,19671,确诊
2020-06-04T00:00:00Z,21547,确诊
2020-06-05T00:00:00Z,25592,确诊
2020-06-06T00:00:00Z,21187,确诊
2020-06-07T00:00:00Z,17762,确诊
2020-06-08T00:00:00Z,17514,确诊
2020-06-09T00:00:00Z,18215,确诊
2020-06-10T00:00:00Z,21000,确诊
2020-06-11T00:00:00Z,22975,确诊
2020-06-12T00:00:00Z,24882,确诊
2020-06-13T00:00:00Z,25028,确诊
2020-06-14T00:00:00Z,19055,确诊
2020-06-15T00:00:00Z,19551,确诊
2020-06-16T00:00:00Z,23455,确诊
2020-06-17T00:00:00Z,26496,确诊
2020-06-18T00:00:00Z,27955,确诊
2020-06-19T00:00:00Z,31217,确诊
2020-06-20T00:00:00Z,31723,确诊
2020-06-21T00:00:00Z,25713,确诊
2020-06-22T00:00:00Z,31096,确诊
2020-06-23T00:00:00Z,36076,确诊
2020-06-24T00:00:00Z,34333,确诊
2020-06-25T00:00:00Z,40417,确诊
2020-06-26T00:00:00Z,45445,确诊
2020-06-27T00:00:00Z,41185,确诊
2020-06-28T00:00:00Z,40557,确诊
2020-06-29T00:00:00Z,40263,确诊
2020-06-30T00:00:00Z,45996,确诊
2020-07-01T00:00:00Z,51512,确诊
2020-07-02T00:00:00Z,55661,确诊
2020-07-03T00:00:00Z,51561,确诊
2020-07-04T00:00:00Z,45773,确诊
2020-07-05T00:00:00Z,50175,确诊
2020-07-06T00:00:00Z,43513,确诊
2020-07-07T00:00:00Z,60703,确诊
2020-07-08T00:00:00Z,59742,确诊
2020-07-09T00:00:00Z,62747,确诊
2020-07-10T00:00:00Z,67960,确诊
2020-07-11T00:00:00Z,61052,确诊
2020-07-12T00:00:00Z,58794,确诊
2020-07-13T00:00:00Z,58316,确诊
2020-07-14T00:00:00Z,67583,确诊
2020-07-15T00:00:00Z,68026,确诊
2020-07-16T00:00:00Z,76709,确诊
2020-07-17T00:00:00Z,71939,确诊
2020-07-18T00:00:00Z,62520,确诊
2020-07-19T00:00:00Z,60733,确诊
2020-07-20T00:00:00Z,61674,确诊
2020-07-21T00:00:00Z,63912,确诊
2020-07-22T00:00:00Z,71826,确诊
2020-07-23T00:00:00Z,68641,确诊
2020-07-24T00:00:00Z,73428,确诊
2020-07-25T00:00:00Z,65159,确诊
2020-07-26T00:00:00Z,54840,确诊
2020-07-27T00:00:00Z,56150,确诊
2020-07-28T00:00:00Z,65650,确诊
2020-07-29T00:00:00Z,71681,确诊
2020-07-30T00:00:00Z,67786,确诊
2020-07-31T00:00:00Z,68807,确诊
2020-08-01T00:00:00Z,56733,确诊
2020-08-02T00:00:00Z,46210,确诊
2020-08-03T00:00:00Z,44750,确诊
2020-08-04T00:00:00Z,57191,确诊
2020-08-05T00:00:00Z,54407,确诊
2020-08-06T00:00:00Z,59410,确诊
2020-08-07T00:00:00Z,58413,确诊
2020-08-08T00:00:00Z,54114,确诊
2020-08-09T00:00:00Z,46459,确诊
2020-08-10T00:00:00Z,48694,确诊
2020-08-11T00:00:00Z,46861,确诊
2020-08-12T00:00:00Z,56663,确诊
2020-08-13T00:00:00Z,51825,确诊
2020-08-14T00:00:00Z,64622,确诊
2020-08-15T00:00:00Z,46594,确诊
2020-08-16T00:00:00Z,40881,确诊
2020-08-17T00:00:00Z,36821,确诊
2020-08-18T00:00:00Z,44911,确诊
2020-08-19T00:00:00Z,47593,确诊
2020-08-20T00:00:00Z,43987,确诊
2020-08-21T00:00:00Z,48718,确诊
2020-08-22T00:00:00Z,43331,确诊
2020-08-23T00:00:00Z,34406,确诊
2020-08-24T00:00:00Z,36485,确诊
2020-08-25T00:00:00Z,40044,确诊
2020-08-26T00:00:00Z,45563,确诊
2020-08-27T00:00:00Z,45169,确诊
2020-08-28T00:00:00Z,46983,确诊
2020-08-29T00:00:00Z,45360,确诊
2020-08-30T00:00:00Z,34671,确诊
2020-08-31T00:00:00Z,35159,确诊
2020-09-01T00:00:00Z,41697,确诊
2020-09-02T00:00:00Z,41013,确诊
2020-09-03T00:00:00Z,43827,确诊
2020-09-04T00:00:00Z,50181,确诊
2020-09-05T00:00:00Z,43130,确诊
2020-09-06T00:00:00Z,31435,确诊
2020-09-07T00:00:00Z,23479,确诊
2020-09-08T00:00:00Z,27079,确诊
2020-09-09T00:00:00Z,33946,确诊
2020-09-10T00:00:00Z,36113,确诊
2020-09-11T00:00:00Z,47540,确诊
2020-09-12T00:00:00Z,40979,确诊
2020-09-13T00:00:00Z,34382,确诊
2020-09-14T00:00:00Z,33945,确诊
2020-09-15T00:00:00Z,39365,确诊
2020-09-16T00:00:00Z,38562,确诊
2020-09-17T00:00:00Z,45082,确诊
2020-09-18T00:00:00Z,49016,确诊
2020-09-19T00:00:00Z,42214,确诊
2020-09-20T00:00:00Z,38388,确诊
2020-09-21T00:00:00Z,51720,确诊
2020-09-22T00:00:00Z,39397,确诊
2020-09-23T00:00:00Z,38559,确诊
2020-09-24T00:00:00Z,46345,确诊
2020-09-25T00:00:00Z,47798,确诊
2020-09-26T00:00:00Z,44415,确诊
2020-09-27T00:00:00Z,37385,确诊
2020-09-28T00:00:00Z,32444,确诊
2020-09-29T00:00:00Z,42610,确诊
2020-09-30T00:00:00Z,41340,确诊
2020-10-01T00:00:00Z,45421,确诊
2020-10-02T00:00:00Z,54578,确诊
2020-10-03T00:00:00Z,48443,确诊
2020-10-04T00:00:00Z,36220,确诊
2020-10-05T00:00:00Z,39074,确诊
2020-10-06T00:00:00Z,44606,确诊
2020-10-07T00:00:00Z,50713,确诊
2020-10-08T00:00:00Z,58555,确诊
2020-10-09T00:00:00Z,55917,确诊
2020-10-10T00:00:00Z,54503,确诊
2020-10-11T00:00:00Z,46454,确诊
2020-10-12T00:00:00Z,41355,确诊
2020-10-13T00:00:00Z,51669,确诊
2020-10-14T00:00:00Z,59317,确诊
2020-10-15T00:00:00Z,64536,确诊
2020-10-16T00:00:00Z,68606,确诊
2020-10-17T00:00:00Z,56662,确诊
2020-10-18T00:00:00Z,49413,确诊
2020-10-19T00:00:00Z,67106,确诊
2020-10-20T00:00:00Z,61449,确诊
2020-10-21T00:00:00Z,62697,确诊
2020-10-22T00:00:00Z,75763,确诊
2020-10-23T00:00:00Z,81313,确诊
2020-10-24T00:00:00Z,82706,确诊
2020-10-25T00:00:00Z,62037,确诊
2020-10-26T00:00:00Z,66822,确诊
2020-10-27T00:00:00Z,76028,确诊
2020-10-28T00:00:00Z,78478,确诊
2020-10-29T00:00:00Z,90324,确诊
2020-10-30T00:00:00Z,98554,确诊
2020-10-31T00:00:00Z,89212,确诊
2020-11-01T00:00:00Z,104257,确诊
2020-11-02T00:00:00Z,83332,确诊
2020-11-03T00:00:00Z,126120,确诊
2020-11-04T00:00:00Z,103472,确诊
2020-11-05T00:00:00Z,127898,确诊
2020-11-06T00:00:00Z,126844,确诊
2020-11-07T00:00:00Z,128573,确诊
2020-11-08T00:00:00Z,110577,确诊
2020-11-09T00:00:00Z,121654,确诊
2020-11-10T00:00:00Z,139301,确诊
2020-11-11T00:00:00Z,145667,确诊
2020-11-12T00:00:00Z,162060,确诊
2020-11-13T00:00:00Z,179284,确诊
2020-11-14T00:00:00Z,168214,确诊
2020-11-15T00:00:00Z,136566,确诊
2020-11-16T00:00:00Z,159536,确诊
2020-11-17T00:00:00Z,160529,确诊
2020-11-18T00:00:00Z,172137,确诊
2020-11-19T00:00:00Z,189810,确诊
2020-11-20T00:00:00Z,196715,确诊
2020-11-21T00:00:00Z,180636,确诊
2020-11-22T00:00:00Z,146920,确诊
2020-11-23T00:00:00Z,168471,确诊
2020-11-24T00:00:00Z,174314,确诊
2020-11-25T00:00:00Z,183241,确诊
2020-11-26T00:00:00Z,114434,确诊
2020-11-27T00:00:00Z,204183,确诊
2020-11-28T00:00:00Z,156000,确诊
2020-11-29T00:00:00Z,138320,确诊
2020-11-30T00:00:00Z,157389,确诊
2020-12-01T00:00:00Z,184079,确诊
2020-12-02T00:00:00Z,200820,确诊
2020-12-03T00:00:00Z,219884,确诊
2020-12-04T00:00:00Z,230139,确诊
2020-12-05T00:00:00Z,216087,确诊
2020-12-06T00:00:00Z,181394,确诊
2020-12-07T00:00:00Z,189926,确诊
2020-12-08T00:00:00Z,219009,确诊
2020-12-09T00:00:00Z,221929,确诊
2020-12-10T00:00:00Z,227604,确诊
2020-12-11T00:00:00Z,234683,确诊
2020-12-12T00:00:00Z,219248,确诊
2020-12-13T00:00:00Z,191741,确诊
2020-12-14T00:00:00Z,193614,确诊
2020-12-15T00:00:00Z,197310,确诊
2020-12-16T00:00:00Z,246824,确诊
2020-12-17T00:00:00Z,237020,确诊
2020-12-18T00:00:00Z,249664,确诊
2020-12-19T00:00:00Z,196443,确诊
2020-12-20T00:00:00Z,188447,确诊
2020-12-21T00:00:00Z,191317,确诊
2020-12-22T00:00:00Z,194710,确诊
2020-12-23T00:00:00Z,226726,确诊
2020-12-24T00:00:00Z,198859,确诊
2020-12-25T00:00:00Z,100186,确诊
2020-12-26T00:00:00Z,226597,确诊
2020-12-27T00:00:00Z,150477,确诊
2020-12-28T00:00:00Z,166678,确诊
2020-12-29T00:00:00Z,202145,确诊
2020-12-30T00:00:00Z,229346,确诊
2020-12-31T00:00:00Z,227315,确诊
2020-01-23T00:00:00Z,0,死亡
2020-01-24T00:00:00Z,0,死亡
2020-01-25T00:00:00Z,0,死亡
2020-01-26T00:00:00Z,0,死亡
2020-01-27T00:00:00Z,0,死亡
2020-01-28T00:00:00Z,0,死亡
2020-01-29T00:00:00Z,0,死亡
2020-01-30T00:00:00Z,0,死亡
2020-01-31T00:00:00Z,0,死亡
2020-02-01T00:00:00Z,0,死亡
2020-02-02T00:00:00Z,0,死亡
2020-02-03T00:00:00Z,0,死亡
2020-02-04T00:00:00Z,0,死亡
2020-02-05T00:00:00Z,0,死亡
2020-02-06T00:00:00Z,0,死亡
2020-02-07T00:00:00Z,0,死亡
2020-02-08T00:00:00Z,0,死亡
2020-02-09T00:00:00Z,0,死亡
2020-02-10T00:00:00Z,0,死亡
2020-02-11T00:00:00Z,0,死亡
2020-02-12T00:00:00Z,0,死亡
2020-02-13T00:00:00Z,0,死亡
2020-02-14T00:00:00Z,0,死亡
2020-02-15T00:00:00Z,0,死亡
2020-02-16T00:00:00Z,0,死亡
2020-02-17T00:00:00Z,0,死亡
2020-02-18T00:00:00Z,0,死亡
2020-02-19T00:00:00Z,0,死亡
2020-02-20T00:00:00Z,0,死亡
2020-02-21T00:00:00Z,0,死亡
2020-02-22T00:00:00Z,0,死亡
2020-02-23T00:00:00Z,0,死亡
2020-02-24T00:00:00Z,0,死亡
2020-02-25T00:00:00Z,0,死亡
2020-02-26T00:00:00Z,0,死亡
2020-02-27T00:00:00Z,0,死亡
2020-02-28T00:00:00Z,0,死亡
2020-02-29T00:00:00Z,1,死亡
2020-03-01T00:00:00Z,0,死亡
2020-03-02T00:00:00Z,5,死亡
2020-03-03T00:00:00Z,1,死亡
2020-03-04T00:00:00Z,4,死亡
2020-03-05T00:00:00Z,1,死亡
2020-03-06T00:00:00Z,2,死亡
2020-03-07T00:00:00Z,3,死亡
2020-03-08T00:00:00Z,4,死亡
2020-03-09T00:00:00Z,1,死亡
2020-03-10T00:00:00Z,6,死亡
2020-03-11T00:00:00Z,5,死亡
2020-03-12T00:00:00Z,10,死亡
2020-03-13T00:00:00Z,8,死亡
2020-03-14T00:00:00Z,7,死亡
2020-03-15T00:00:00Z,12,死亡
2020-03-16T00:00:00Z,27,死亡
2020-03-17T00:00:00Z,36,死亡
2020-03-18T00:00:00Z,59,死亡
2020-03-19T00:00:00Z,72,死亡
2020-03-20T00:00:00Z,103,死亡
2020-03-21T00:00:00Z,99,死亡
2020-03-22T00:00:00Z,110,死亡
2020-03-23T00:00:00Z,187,死亡
2020-03-24T00:00:00Z,241,死亡
2020-03-25T00:00:00Z,326,死亡
2020-03-26T00:00:00Z,412,死亡
2020-03-27T00:00:00Z,521,死亡
2020-03-28T00:00:00Z,635,死亡
2020-03-29T00:00:00Z,592,死亡
2020-03-30T00:00:00Z,697,死亡
2020-03-31T00:00:00Z,1091,死亡
2020-04-01T00:00:00Z,1257,死亡
2020-04-02T00:00:00Z,1496,死亡
2020-04-03T00:00:00Z,1405,死亡
2020-04-04T00:00:00Z,1546,死亡
2020-04-05T00:00:00Z,1580,死亡
2020-04-06T00:00:00Z,1756,死亡
2020-04-07T00:00:00Z,2577,死亡
2020-04-08T00:00:00Z,2142,死亡
2020-04-09T00:00:00Z,2207,死亡
2020-04-10T00:00:00Z,2217,死亡
2020-04-11T00:00:00Z,2136,死亡
2020-04-12T00:00:00Z,1818,死亡
2020-04-13T00:00:00Z,1957,死亡
2020-04-14T00:00:00Z,2447,死亡
2020-04-15T00:00:00Z,2596,死亡
2020-04-16T00:00:00Z,2161,死亡
2020-04-17T00:00:00Z,2086,死亡
2020-04-18T00:00:00Z,1974,死亡
2020-04-19T00:00:00Z,1936,死亡
2020-04-20T00:00:00Z,2197,死亡
2020-04-21T00:00:00Z,2539,死亡
2020-04-22T00:00:00Z,2427,死亡
2020-04-23T00:00:00Z,2454,死亡
2020-04-24T00:00:00Z,2162,死亡
2020-04-25T00:00:00Z,1705,死亡
2020-04-26T00:00:00Z,1344,死亡
2020-04-27T00:00:00Z,1462,死亡
2020-04-28T00:00:00Z,2224,死亡
2020-04-29T00:00:00Z,2519,死亡
2020-04-30T00:00:00Z,2411,死亡
2020-05-01T00:00:00Z,1883,死亡
2020-05-02T00:00:00Z,1692,死亡
2020-05-03T00:00:00Z,1117,死亡
2020-05-04T00:00:00Z,1323,死亡
2020-05-05T00:00:00Z,2285,死亡
2020-05-06T00:00:00Z,2349,死亡
2020-05-07T00:00:00Z,1922,死亡
2020-05-08T00:00:00Z,1745,死亡
2020-05-09T00:00:00Z,1535,死亡
2020-05-10T00:00:00Z,911,死亡
2020-05-11T00:00:00Z,998,死亡
2020-05-12T00:00:00Z,1616,死亡
2020-05-13T00:00:00Z,1741,死亡
2020-05-14T00:00:00Z,1782,死亡
2020-05-15T00:00:00Z,1669,死亡
2020-05-16T00:00:00Z,1271,死亡
2020-05-17T00:00:00Z,762,死亡
2020-05-18T00:00:00Z,1177,死亡
2020-05-19T00:00:00Z,1497,死亡
2020-05-20T00:00:00Z,1516,死亡
2020-05-21T00:00:00Z,1206,死亡
2020-05-22T00:00:00Z,1243,死亡
2020-05-23T00:00:00Z,1143,死亡
2020-05-24T00:00:00Z,617,死亡
2020-05-25T00:00:00Z,556,死亡
2020-05-26T00:00:00Z,661,死亡
2020-05-27T00:00:00Z,1498,死亡
2020-05-28T00:00:00Z,1177,死亡
2020-05-29T00:00:00Z,1163,死亡
2020-05-30T00:00:00Z,951,死亡
2020-05-31T00:00:00Z,697,死亡
2020-06-01T00:00:00Z,781,死亡
2020-06-02T00:00:00Z,1039,死亡
2020-06-03T00:00:00Z,993,死亡
2020-06-04T00:00:00Z,1014,死亡
2020-06-05T00:00:00Z,892,死亡
2020-06-06T00:00:00Z,700,死亡
2020-06-07T00:00:00Z,450,死亡
2020-06-08T00:00:00Z,505,死亡
2020-06-09T00:00:00Z,919,死亡
2020-06-10T00:00:00Z,899,死亡
2020-06-11T00:00:00Z,850,死亡
2020-06-12T00:00:00Z,818,死亡
2020-06-13T00:00:00Z,769,死亡
2020-06-14T00:00:00Z,315,死亡
2020-06-15T00:00:00Z,386,死亡
2020-06-16T00:00:00Z,820,死亡
2020-06-17T00:00:00Z,739,死亡
2020-06-18T00:00:00Z,693,死亡
2020-06-19T00:00:00Z,659,死亡
2020-06-20T00:00:00Z,603,死亡
2020-06-21T00:00:00Z,296,死亡
2020-06-22T00:00:00Z,388,死亡
2020-06-23T00:00:00Z,841,死亡
2020-06-24T00:00:00Z,756,死亡
2020-06-25T00:00:00Z,545,死亡
2020-06-26T00:00:00Z,631,死亡
2020-06-27T00:00:00Z,504,死亡
2020-06-28T00:00:00Z,289,死亡
2020-06-29T00:00:00Z,385,死亡
2020-06-30T00:00:00Z,633,死亡
2020-07-01T00:00:00Z,690,死亡
2020-07-02T00:00:00Z,729,死亡
2020-07-03T00:00:00Z,658,死亡
2020-07-04T00:00:00Z,285,死亡
2020-07-05T00:00:00Z,299,死亡
2020-07-06T00:00:00Z,363,死亡
2020-07-07T00:00:00Z,1204,死亡
2020-07-08T00:00:00Z,853,死亡
2020-07-09T00:00:00Z,1000,死亡
2020-07-10T00:00:00Z,813,死亡
2020-07-11T00:00:00Z,710,死亡
2020-07-12T00:00:00Z,461,死亡
2020-07-13T00:00:00Z,422,死亡
2020-07-14T00:00:00Z,919,死亡
2020-07-15T00:00:00Z,959,死亡
2020-07-16T00:00:00Z,963,死亡
2020-07-17T00:00:00Z,916,死亡
2020-07-18T00:00:00Z,864,死亡
2020-07-19T00:00:00Z,468,死亡
2020-07-20T00:00:00Z,540,死亡
2020-07-21T00:00:00Z,1107,死亡
2020-07-22T00:00:00Z,1212,死亡
2020-07-23T00:00:00Z,1093,死亡
2020-07-24T00:00:00Z,1148,死亡
2020-07-25T00:00:00Z,886,死亡
2020-07-26T00:00:00Z,507,死亡
2020-07-27T00:00:00Z,1121,死亡
2020-07-28T00:00:00Z,1354,死亡
2020-07-29T00:00:00Z,1422,死亡
2020-07-30T00:00:00Z,1220,死亡
2020-07-31T00:00:00Z,1260,死亡
2020-08-01T00:00:00Z,1099,死亡
2020-08-02T00:00:00Z,417,死亡
2020-08-03T00:00:00Z,557,死亡
2020-08-04T00:00:00Z,1355,死亡
2020-08-05T00:00:00Z,1398,死亡
2020-08-06T00:00:00Z,1226,死亡
2020-08-07T00:00:00Z,1234,死亡
2020-08-08T00:00:00Z,1082,死亡
2020-08-09T00:00:00Z,530,死亡
2020-08-10T00:00:00Z,544,死亡
2020-08-11T00:00:00Z,1038,死亡
2020-08-12T00:00:00Z,1516,死亡
2020-08-13T00:00:00Z,1058,死亡
2020-08-14T00:00:00Z,1336,死亡
2020-08-15T00:00:00Z,1030,死亡
2020-08-16T00:00:00Z,576,死亡
2020-08-17T00:00:00Z,451,死亡
2020-08-18T00:00:00Z,1307,死亡
2020-08-19T00:00:00Z,1328,死亡
2020-08-20T00:00:00Z,1080,死亡
2020-08-21T00:00:00Z,1094,死亡
2020-08-22T00:00:00Z,978,死亡
2020-08-23T00:00:00Z,459,死亡
2020-08-24T00:00:00Z,448,死亡
2020-08-25T00:00:00Z,1216,死亡
2020-08-26T00:00:00Z,1233,死亡
2020-08-27T00:00:00Z,1097,死亡
2020-08-28T00:00:00Z,962,死亡
2020-08-29T00:00:00Z,847,死亡
2020-08-30T00:00:00Z,441,死亡
2020-08-31T00:00:00Z,595,死亡
2020-09-01T00:00:00Z,1049,死亡
2020-09-02T00:00:00Z,1044,死亡
2020-09-03T00:00:00Z,1058,死亡
2020-09-04T00:00:00Z,961,死亡
2020-09-05T00:00:00Z,777,死亡
2020-09-06T00:00:00Z,411,死亡
2020-09-07T00:00:00Z,281,死亡
2020-09-08T00:00:00Z,452,死亡
2020-09-09T00:00:00Z,1157,死亡
2020-09-10T00:00:00Z,912,死亡
2020-09-11T00:00:00Z,1204,死亡
2020-09-12T00:00:00Z,715,死亡
2020-09-13T00:00:00Z,394,死亡
2020-09-14T00:00:00Z,414,死亡
2020-09-15T00:00:00Z,1288,死亡
2020-09-16T00:00:00Z,987,死亡
2020-09-17T00:00:00Z,865,死亡
2020-09-18T00:00:00Z,922,死亡
2020-09-19T00:00:00Z,715,死亡
2020-09-20T00:00:00Z,249,死亡
2020-09-21T00:00:00Z,420,死亡
2020-09-22T00:00:00Z,1011,死亡
2020-09-23T00:00:00Z,1084,死亡
2020-09-24T00:00:00Z,921,死亡
2020-09-25T00:00:00Z,926,死亡
2020-09-26T00:00:00Z,754,死亡
2020-09-27T00:00:00Z,289,死亡
2020-09-28T00:00:00Z,332,死亡
2020-09-29T00:00:00Z,884,死亡
2020-09-30T00:00:00Z,942,死亡
2020-10-01T00:00:00Z,854,死亡
2020-10-02T00:00:00Z,927,死亡
2020-10-03T00:00:00Z,687,死亡
2020-10-04T00:00:00Z,354,死亡
2020-10-05T00:00:00Z,457,死亡
2020-10-06T00:00:00Z,706,死亡
2020-10-07T00:00:00Z,918,死亡
2020-10-08T00:00:00Z,969,死亡
2020-10-09T00:00:00Z,961,死亡
2020-10-10T00:00:00Z,635,死亡
2020-10-11T00:00:00Z,427,死亡
2020-10-12T00:00:00Z,350,死亡
2020-10-13T00:00:00Z,782,死亡
2020-10-14T00:00:00Z,994,死亡
2020-10-15T00:00:00Z,812,死亡
2020-10-16T00:00:00Z,902,死亡
2020-10-17T00:00:00Z,755,死亡
2020-10-18T00:00:00Z,445,死亡
2020-10-19T00:00:00Z,458,死亡
2020-10-20T00:00:00Z,916,死亡
2020-10-21T00:00:00Z,1167,死亡
2020-10-22T00:00:00Z,863,死亡
2020-10-23T00:00:00Z,952,死亡
2020-10-24T00:00:00Z,950,死亡
2020-10-25T00:00:00Z,389,死亡
2020-10-26T00:00:00Z,482,死亡
2020-10-27T00:00:00Z,962,死亡
2020-10-28T00:00:00Z,1010,死亡
2020-10-29T00:00:00Z,966,死亡
2020-10-30T00:00:00Z,1031,死亡
2020-10-31T00:00:00Z,893,死亡
2020-11-01T00:00:00Z,422,死亡
2020-11-02T00:00:00Z,532,死亡
2020-11-03T00:00:00Z,1565,死亡
2020-11-04T00:00:00Z,1092,死亡
2020-11-05T00:00:00Z,1144,死亡
2020-11-06T00:00:00Z,1197,死亡
2020-11-07T00:00:00Z,1012,死亡
2020-11-08T00:00:00Z,490,死亡
2020-11-09T00:00:00Z,683,死亡
2020-11-10T00:00:00Z,1376,死亡
2020-11-11T00:00:00Z,1428,死亡
2020-11-12T00:00:00Z,1193,死亡
2020-11-13T00:00:00Z,1164,死亡
2020-11-14T00:00:00Z,1277,死亡
2020-11-15T00:00:00Z,645,死亡
2020-11-16T00:00:00Z,731,死亡
2020-11-17T00:00:00Z,1686,死亡
2020-11-18T00:00:00Z,1878,死亡
2020-11-19T00:00:00Z,1978,死亡
2020-11-20T00:00:00Z,1896,死亡
2020-11-21T00:00:00Z,1450,死亡
2020-11-22T00:00:00Z,918,死亡
2020-11-23T00:00:00Z,916,死亡
2020-11-24T00:00:00Z,2126,死亡
2020-11-25T00:00:00Z,2287,死亡
2020-11-26T00:00:00Z,1245,死亡
2020-11-27T00:00:00Z,1426,死亡
2020-11-28T00:00:00Z,1212,死亡
2020-11-29T00:00:00Z,842,死亡
2020-11-30T00:00:00Z,1153,死亡
2020-12-01T00:00:00Z,2588,死亡
2020-12-02T00:00:00Z,2775,死亡
2020-12-03T00:00:00Z,2843,死亡
2020-12-04T00:00:00Z,2594,死亡
2020-12-05T00:00:00Z,2257,死亡
2020-12-06T00:00:00Z,1122,死亡
2020-12-07T00:00:00Z,1419,死亡
2020-12-08T00:00:00Z,2520,死亡
2020-12-09T00:00:00Z,3064,死亡
2020-12-10T00:00:00Z,2920,死亡
2020-12-11T00:00:00Z,3283,死亡
2020-12-12T00:00:00Z,2354,死亡
2020-12-13T00:00:00Z,1389,死亡
2020-12-14T00:00:00Z,1484,死亡
2020-12-15T00:00:00Z,2984,死亡
2020-12-16T00:00:00Z,3682,死亡
2020-12-17T00:00:00Z,3346,死亡
2020-12-18T00:00:00Z,2821,死亡
2020-12-19T00:00:00Z,2549,死亡
2020-12-20T00:00:00Z,1509,死亡
2020-12-21T00:00:00Z,1696,死亡
2020-12-22T00:00:00Z,3401,死亡
2020-12-23T00:00:00Z,3359,死亡
2020-12-24T00:00:00Z,2899,死亡
2020-12-25T00:00:00Z,1223,死亡
2020-12-26T00:00:00Z,1663,死亡
2020-12-27T00:00:00Z,1209,死亡
2020-12-28T00:00:00Z,1718,死亡
2020-12-29T00:00:00Z,3732,死亡
2020-12-30T00:00:00Z,3750,死亡
2020-12-31T00:00:00Z,3419,死亡
2020-01-23T00:00:00Z,0,治愈
2020-01-24T00:00:00Z,0,治愈
2020-01-25T00:00:00Z,0,治愈
2020-01-26T00:00:00Z,0,治愈
2020-01-27T00:00:00Z,0,治愈
2020-01-28T00:00:00Z,0,治愈
2020-01-29T00:00:00Z,0,治愈
2020-01-30T00:00:00Z,0,治愈
2020-01-31T00:00:00Z,0,治愈
2020-02-01T00:00:00Z,0,治愈
2020-02-02T00:00:00Z,0,治愈
2020-02-03T00:00:00Z,0,治愈
2020-02-04T00:00:00Z,0,治愈
2020-02-05T00:00:00Z,0,治愈
2020-02-06T00:00:00Z,0,治愈
2020-02-07T00:00:00Z,0,治愈
2020-02-08T00:00:00Z,0,治愈
2020-02-09T00:00:00Z,3,治愈
2020-02-10T00:00:00Z,0,治愈
2020-02-11T00:00:00Z,0,治愈
2020-02-12T00:00:00Z,0,治愈
2020-02-13T00:00:00Z,0,治愈
2020-02-14T00:00:00Z,0,治愈
2020-02-15T00:00:00Z,0,治愈
2020-02-16T00:00:00Z,0,治愈
2020-02-17T00:00:00Z,0,治愈
2020-02-18T00:00:00Z,0,治愈
2020-02-19T00:00:00Z,0,治愈
2020-02-20T00:00:00Z,0,治愈
2020-02-21T00:00:00Z,2,治愈
2020-02-22T00:00:00Z,0,治愈
2020-02-23T00:00:00Z,0,治愈
2020-02-24T00:00:00Z,0,治愈
2020-02-25T00:00:00Z,1,治愈
2020-02-26T00:00:00Z,0,治愈
2020-02-27T00:00:00Z,0,治愈
2020-02-28T00:00:00Z,1,治愈
2020-02-29T00:00:00Z,0,治愈
2020-03-01T00:00:00Z,0,治愈
2020-03-02T00:00:00Z,0,治愈
2020-03-03T00:00:00Z,0,治愈
2020-03-04T00:00:00Z,0,治愈
2020-03-05T00:00:00Z,0,治愈
2020-03-06T00:00:00Z,0,治愈
2020-03-07T00:00:00Z,0,治愈
2020-03-08T00:00:00Z,0,治愈
2020-03-09T00:00:00Z,0,治愈
2020-03-10T00:00:00Z,1,治愈
2020-03-11T00:00:00Z,0,治愈
2020-03-12T00:00:00Z,4,治愈
2020-03-13T00:00:00Z,0,治愈
2020-03-14T00:00:00Z,0,治愈
2020-03-15T00:00:00Z,0,治愈
2020-03-16T00:00:00Z,5,治愈
2020-03-17T00:00:00Z,0,治愈
2020-03-18T00:00:00Z,88,治愈
2020-03-19T00:00:00Z,16,治愈
2020-03-20T00:00:00Z,26,治愈
2020-03-21T00:00:00Z,29,治愈
2020-03-22T00:00:00Z,2,治愈
2020-03-23T00:00:00Z,0,治愈
2020-03-24T00:00:00Z,170,治愈
2020-03-25T00:00:00Z,13,治愈
2020-03-26T00:00:00Z,320,治愈
2020-03-27T00:00:00Z,188,治愈
2020-03-28T00:00:00Z,203,治愈
2020-03-29T00:00:00Z,1593,治愈
2020-03-30T00:00:00Z,2979,治愈
2020-03-31T00:00:00Z,1380,治愈
2020-04-01T00:00:00Z,1450,治愈
2020-04-02T00:00:00Z,527,治愈
2020-04-03T00:00:00Z,706,治愈
2020-04-04T00:00:00Z,4945,治愈
2020-04-05T00:00:00Z,2796,治愈
2020-04-06T00:00:00Z,2133,治愈
2020-04-07T00:00:00Z,2182,治愈
2020-04-08T00:00:00Z,1796,治愈
2020-04-09T00:00:00Z,1851,治愈
2020-04-10T00:00:00Z,3380,治愈
2020-04-11T00:00:00Z,2480,治愈
2020-04-12T00:00:00Z,1718,治愈
2020-04-13T00:00:00Z,10494,治愈
2020-04-14T00:00:00Z,4281,治愈
2020-04-15T00:00:00Z,4333,治愈
2020-04-16T00:00:00Z,2607,治愈
2020-04-17T00:00:00Z,3842,治愈
2020-04-18T00:00:00Z,6295,治愈
2020-04-19T00:00:00Z,5497,治愈
2020-04-20T00:00:00Z,1992,治愈
2020-04-21T00:00:00Z,2875,治愈
2020-04-22T00:00:00Z,2162,治愈
2020-04-23T00:00:00Z,2837,治愈
2020-04-24T00:00:00Z,18876,治愈
2020-04-25T00:00:00Z,1293,治愈
2020-04-26T00:00:00Z,6616,治愈
2020-04-27T00:00:00Z,4436,治愈
2020-04-28T00:00:00Z,4512,治愈
2020-04-29T00:00:00Z,4784,治愈
2020-04-30T00:00:00Z,33227,治愈
2020-05-01T00:00:00Z,10068,治愈
2020-05-02T00:00:00Z,11367,治愈
2020-05-03T00:00:00Z,4770,治愈
2020-05-04T00:00:00Z,7028,治愈
2020-05-05T00:00:00Z,2611,治愈
2020-05-06T00:00:00Z,119,治愈
2020-05-07T00:00:00Z,5126,治愈
2020-05-08T00:00:00Z,3957,治愈
2020-05-09T00:00:00Z,13541,治愈
2020-05-10T00:00:00Z,3635,治愈
2020-05-11T00:00:00Z,16564,治愈
2020-05-12T00:00:00Z,-2446,治愈
2020-05-13T00:00:00Z,13143,治愈
2020-05-14T00:00:00Z,2984,治愈
2020-05-15T00:00:00Z,4333,治愈
2020-05-16T00:00:00Z,17629,治愈
2020-05-17T00:00:00Z,3889,治愈
2020-05-18T00:00:00Z,10913,治愈
2020-05-19T00:00:00Z,6214,治愈
2020-05-20T00:00:00Z,4920,治愈
2020-05-21T00:00:00Z,4106,治愈
2020-05-22T00:00:00Z,51717,治愈
2020-05-23T00:00:00Z,11104,治愈
2020-05-24T00:00:00Z,5497,治愈
2020-05-25T00:00:00Z,12421,治愈
2020-05-26T00:00:00Z,5745,治愈
2020-05-27T00:00:00Z,6606,治愈
2020-05-28T00:00:00Z,8483,治愈
2020-05-29T00:00:00Z,6455,治愈
2020-05-30T00:00:00Z,10015,治愈
2020-05-31T00:00:00Z,28297,治愈
2020-06-01T00:00:00Z,13473,治愈
2020-06-02T00:00:00Z,5637,治愈
2020-06-03T00:00:00Z,15390,治愈
2020-06-04T00:00:00Z,5744,治愈
2020-06-05T00:00:00Z,6704,治愈
2020-06-06T00:00:00Z,9143,治愈
2020-06-07T00:00:00Z,5518,治愈
2020-06-08T00:00:00Z,12155,治愈
2020-06-09T00:00:00Z,6333,治愈
2020-06-10T00:00:00Z,8649,治愈
2020-06-11T00:00:00Z,6788,治愈
2020-06-12T00:00:00Z,7094,治愈
2020-06-13T00:00:00Z,9220,治愈
2020-06-14T00:00:00Z,5210,治愈
2020-06-15T00:00:00Z,14518,治愈
2020-06-16T00:00:00Z,7169,治愈
2020-06-17T00:00:00Z,8688,治愈
2020-06-18T00:00:00Z,6924,治愈
2020-06-19T00:00:00Z,7600,治愈
2020-06-20T00:00:00Z,10745,治愈
2020-06-21T00:00:00Z,4673,治愈
2020-06-22T00:00:00Z,18065,治愈
2020-06-23T00:00:00Z,7350,治愈
2020-06-24T00:00:00Z,8613,治愈
2020-06-25T00:00:00Z,7401,治愈
2020-06-26T00:00:00Z,7247,治愈
2020-06-27T00:00:00Z,8499,治愈
2020-06-28T00:00:00Z,5856,治愈
2020-06-29T00:00:00Z,20039,治愈
2020-06-30T00:00:00Z,15428,治愈
2020-07-01T00:00:00Z,9363,治愈
2020-07-02T00:00:00Z,51976,治愈
2020-07-03T00:00:00Z,8434,治愈
2020-07-04T00:00:00Z,103921,治愈
2020-07-05T00:00:00Z,12438,治愈
2020-07-06T00:00:00Z,17385,治愈
2020-07-07T00:00:00Z,12328,治愈
2020-07-08T00:00:00Z,16986,治愈
2020-07-09T00:00:00Z,15649,治愈
2020-07-10T00:00:00Z,14074,治愈
2020-07-11T00:00:00Z,12391,治愈
2020-07-12T00:00:00Z,10750,治愈
2020-07-13T00:00:00Z,25613,治愈
2020-07-14T00:00:00Z,17159,治愈
2020-07-15T00:00:00Z,26784,治愈
2020-07-16T00:00:00Z,14763,治愈
2020-07-17T00:00:00Z,16559,治愈
2020-07-18T00:00:00Z,15516,治愈
2020-07-19T00:00:00Z,8401,治愈
2020-07-20T00:00:00Z,28966,治愈
2020-07-21T00:00:00Z,21931,治愈
2020-07-22T00:00:00Z,28831,治愈
2020-07-23T00:00:00Z,22420,治愈
2020-07-24T00:00:00Z,28355,治愈
2020-07-25T00:00:00Z,17790,治愈
2020-07-26T00:00:00Z,18449,治愈
2020-07-27T00:00:00Z,27941,治愈
2020-07-28T00:00:00Z,29559,治愈
2020-07-29T00:00:00Z,34062,治愈
2020-07-30T00:00:00Z,24730,治愈
2020-07-31T00:00:00Z,24005,治愈
2020-08-01T00:00:00Z,23725,治愈
2020-08-02T00:00:00Z,6804,治愈
2020-08-03T00:00:00Z,44757,治愈
2020-08-04T00:00:00Z,15533,治愈
2020-08-05T00:00:00Z,48872,治愈
2020-08-06T00:00:00Z,20773,治愈
2020-08-07T00:00:00Z,25246,治愈
2020-08-08T00:00:00Z,19248,治愈
2020-08-09T00:00:00Z,13746,治愈
2020-08-10T00:00:00Z,13891,治愈
2020-08-11T00:00:00Z,44205,治愈
2020-08-12T00:00:00Z,38800,治愈
2020-08-13T00:00:00Z,20888,治愈
2020-08-14T00:00:00Z,21678,治愈
2020-08-15T00:00:00Z,22201,治愈
2020-08-16T00:00:00Z,14540,治愈
2020-08-17T00:00:00Z,32513,治愈
2020-08-18T00:00:00Z,32579,治愈
2020-08-19T00:00:00Z,26890,治愈
2020-08-20T00:00:00Z,21986,治愈
2020-08-21T00:00:00Z,18021,治愈
2020-08-22T00:00:00Z,20428,治愈
2020-08-23T00:00:00Z,12277,治愈
2020-08-24T00:00:00Z,23013,治愈
2020-08-25T00:00:00Z,32925,治愈
2020-08-26T00:00:00Z,30766,治愈
2020-08-27T00:00:00Z,16861,治愈
2020-08-28T00:00:00Z,17041,治愈
2020-08-29T00:00:00Z,22247,治愈
2020-08-30T00:00:00Z,13325,治愈
2020-08-31T00:00:00Z,30886,治愈
2020-09-01T00:00:00Z,17838,治愈
2020-09-02T00:00:00Z,29094,治愈
2020-09-03T00:00:00Z,35200,治愈
2020-09-04T00:00:00Z,16497,治愈
2020-09-05T00:00:00Z,18733,治愈
2020-09-06T00:00:00Z,13808,治愈
2020-09-07T00:00:00Z,17556,治愈
2020-09-08T00:00:00Z,25560,治愈
2020-09-09T00:00:00Z,28368,治愈
2020-09-10T00:00:00Z,16032,治愈
2020-09-11T00:00:00Z,14367,治愈
2020-09-12T00:00:00Z,16780,治愈
2020-09-13T00:00:00Z,16748,治愈
2020-09-14T00:00:00Z,23164,治愈
2020-09-15T00:00:00Z,20557,治愈
2020-09-16T00:00:00Z,30446,治愈
2020-09-17T00:00:00Z,14761,治愈
2020-09-18T00:00:00Z,16131,治愈
2020-09-19T00:00:00Z,20981,治愈
2020-09-20T00:00:00Z,13225,治愈
2020-09-21T00:00:00Z,25278,治愈
2020-09-22T00:00:00Z,31010,治愈
2020-09-23T00:00:00Z,23297,治愈
2020-09-24T00:00:00Z,39927,治愈
2020-09-25T00:00:00Z,17152,治愈
2020-09-26T00:00:00Z,23124,治愈
2020-09-27T00:00:00Z,15821,治愈
2020-09-28T00:00:00Z,28328,治愈
2020-09-29T00:00:00Z,18697,治愈
2020-09-30T00:00:00Z,27383,治愈
2020-10-01T00:00:00Z,19962,治愈
2020-10-02T00:00:00Z,12719,治愈
2020-10-03T00:00:00Z,23953,治愈
2020-10-04T00:00:00Z,14377,治愈
2020-10-05T00:00:00Z,23443,治愈
2020-10-06T00:00:00Z,17248,治愈
2020-10-07T00:00:00Z,47505,治愈
2020-10-08T00:00:00Z,21357,治愈
2020-10-09T00:00:00Z,17837,治愈
2020-10-10T00:00:00Z,23894,治愈
2020-10-11T00:00:00Z,12094,治愈
2020-10-12T00:00:00Z,31651,治愈
2020-10-13T00:00:00Z,17865,治愈
2020-10-14T00:00:00Z,31201,治愈
2020-10-15T00:00:00Z,21603,治愈
2020-10-16T00:00:00Z,20142,治愈
2020-10-17T00:00:00Z,23034,治愈
2020-10-18T00:00:00Z,13565,治愈
2020-10-19T00:00:00Z,38465,治愈
2020-10-20T00:00:00Z,22545,治愈
2020-10-21T00:00:00Z,28206,治愈
2020-10-22T00:00:00Z,29702,治愈
2020-10-23T00:00:00Z,22371,治愈
2020-10-24T00:00:00Z,31229,治愈
2020-10-25T00:00:00Z,16222,治愈
2020-10-26T00:00:00Z,37577,治愈
2020-10-27T00:00:00Z,27211,治愈
2020-10-28T00:00:00Z,30474,治愈
2020-10-29T00:00:00Z,36196,治愈
2020-10-30T00:00:00Z,24116,治愈
2020-10-31T00:00:00Z,34026,治愈
2020-11-01T00:00:00Z,18101,治愈
2020-11-02T00:00:00Z,44402,治愈
2020-11-03T00:00:00Z,30149,治愈
2020-11-04T00:00:00Z,38397,治愈
2020-11-05T00:00:00Z,38224,治愈
2020-11-06T00:00:00Z,29040,治愈
2020-11-07T00:00:00Z,40674,治愈
2020-11-08T00:00:00Z,30026,治愈
2020-11-09T00:00:00Z,47354,治愈
2020-11-10T00:00:00Z,33028,治愈
2020-11-11T00:00:00Z,35302,治愈
2020-11-12T00:00:00Z,54081,治愈
2020-11-13T00:00:00Z,43890,治愈
2020-11-14T00:00:00Z,53298,治愈
2020-11-15T00:00:00Z,26440,治愈
2020-11-16T00:00:00Z,69927,治愈
2020-11-17T00:00:00Z,48829,治愈
2020-11-18T00:00:00Z,57149,治愈
2020-11-19T00:00:00Z,59920,治愈
2020-11-20T00:00:00Z,47221,治愈
2020-11-21T00:00:00Z,71770,治愈
2020-11-22T00:00:00Z,-3187,治愈
2020-11-23T00:00:00Z,107087,治愈
2020-11-24T00:00:00Z,63064,治愈
2020-11-25T00:00:00Z,139292,治愈
2020-11-26T00:00:00Z,35247,治愈
2020-11-27T00:00:00Z,76243,治愈
2020-11-28T00:00:00Z,75617,治愈
2020-11-29T00:00:00Z,41967,治愈
2020-11-30T00:00:00Z,81289,治愈
2020-12-01T00:00:00Z,80262,治愈
2020-12-02T00:00:00Z,95547,治愈
2020-12-03T00:00:00Z,81890,治愈
2020-12-04T00:00:00Z,66371,治愈
2020-12-05T00:00:00Z,105637,治愈
2020-12-06T00:00:00Z,48418,治愈
2020-12-07T00:00:00Z,90113,治愈
2020-12-08T00:00:00Z,72358,治愈
2020-12-09T00:00:00Z,102981,治愈
2020-12-10T00:00:00Z,95151,治愈
2020-12-11T00:00:00Z,150267,治愈
2020-12-12T00:00:00Z,111291,治愈
2020-12-13T00:00:00Z,51477,治愈
2020-12-14T00:00:00Z,0,治愈
2020-12-15T00:00:00Z,0,治愈
2020-12-16T00:00:00Z,0,治愈
2020-12-17T00:00:00Z,0,治愈
2020-12-18T00:00:00Z,0,治愈
2020-12-19T00:00:00Z,0,治愈
2020-12-20T00:00:00Z,0,治愈
2020-12-21T00:00:00Z,0,治愈
2020-12-22T00:00:00Z,0,治愈
2020-12-23T00:00:00Z,0,治愈
2020-12-24T00:00:00Z,0,治愈
2020-12-25T00:00:00Z,0,治愈
2020-12-26T00:00:00Z,0,治愈
2020-12-27T00:00:00Z,0,治愈
2020-12-28T00:00:00Z,0,治愈
2020-12-29T00:00:00Z,0,治愈
2020-12-30T00:00:00Z,0,治愈
2020-12-31T00:00:00Z,0,治愈
